feature,exog_lag,target_lags,AIC,BIC,selected_ic,selected_score,nobs,rank_within_feature,selected_for_ffnn_grid,combo_rank,combo_score_sum,exog_lags,lag_spec,component
US_Retail,1.0,"(1, 12)",-105.707878720802,-90.99966660775547,aic,-105.707878720802,140.0,1.0,True,,,,,raw_no_vmd
US_Retail,2.0,"(1, 12)",-102.57126057863717,-87.86304846559065,aic,-102.57126057863717,140.0,,False,,,,,raw_no_vmd
US_Retail,3.0,"(1, 12)",-103.3106197717103,-88.60240765866376,aic,-103.3106197717103,140.0,2.0,True,,,,,raw_no_vmd
US_Retail,4.0,"(1, 12)",-102.56447748116022,-87.8562653681137,aic,-102.56447748116022,140.0,,False,,,,,raw_no_vmd
US_Retail,5.0,"(1, 12)",-102.61728017952397,-87.90906806647746,aic,-102.61728017952397,140.0,,False,,,,,raw_no_vmd
US_Retail,6.0,"(1, 12)",-103.0753987422025,-88.36718662915598,aic,-103.0753987422025,140.0,3.0,True,,,,,raw_no_vmd
PCE,1.0,"(1, 12)",-105.64345153353881,-90.93523942049228,aic,-105.64345153353881,140.0,1.0,True,,,,,raw_no_vmd
PCE,2.0,"(1, 12)",-103.12778517409618,-88.41957306104965,aic,-103.12778517409618,140.0,3.0,True,,,,,raw_no_vmd
PCE,3.0,"(1, 12)",-104.61792157516017,-89.90970946211365,aic,-104.61792157516017,140.0,2.0,True,,,,,raw_no_vmd
PCE,4.0,"(1, 12)",-102.92803698864077,-88.21982487559424,aic,-102.92803698864077,140.0,,False,,,,,raw_no_vmd
PCE,5.0,"(1, 12)",-102.56416898548919,-87.85595687244268,aic,-102.56416898548919,140.0,,False,,,,,raw_no_vmd
PCE,6.0,"(1, 12)",-102.8113874070305,-88.10317529398398,aic,-102.8113874070305,140.0,,False,,,,,raw_no_vmd
US_Sentiment,1.0,"(1, 12)",-102.61235059969104,-87.90413848664451,aic,-102.61235059969104,140.0,,False,,,,,raw_no_vmd
US_Sentiment,2.0,"(1, 12)",-102.63311415776523,-87.92490204471872,aic,-102.63311415776523,140.0,,False,,,,,raw_no_vmd
US_Sentiment,3.0,"(1, 12)",-103.13215429919752,-88.42394218615101,aic,-103.13215429919752,140.0,3.0,True,,,,,raw_no_vmd
US_Sentiment,4.0,"(1, 12)",-102.54415938339424,-87.83594727034773,aic,-102.54415938339424,140.0,,False,,,,,raw_no_vmd
US_Sentiment,5.0,"(1, 12)",-103.7231087826712,-89.01489666962468,aic,-103.7231087826712,140.0,2.0,True,,,,,raw_no_vmd
US_Sentiment,6.0,"(1, 12)",-105.68598253220176,-90.97777041915523,aic,-105.68598253220176,140.0,1.0,True,,,,,raw_no_vmd
Import_CN,1.0,"(1, 12)",-103.69252535101796,-88.98431323797143,aic,-103.69252535101796,140.0,2.0,True,,,,,raw_no_vmd
Import_CN,2.0,"(1, 12)",-105.84860464262297,-91.14039252957645,aic,-105.84860464262297,140.0,1.0,True,,,,,raw_no_vmd
Import_CN,3.0,"(1, 12)",-102.91719512646713,-88.2089830134206,aic,-102.91719512646713,140.0,3.0,True,,,,,raw_no_vmd
Import_CN,4.0,"(1, 12)",-102.57745516061114,-87.86924304756462,aic,-102.57745516061114,140.0,,False,,,,,raw_no_vmd
Import_CN,5.0,"(1, 12)",-102.64244099043658,-87.93422887739007,aic,-102.64244099043658,140.0,,False,,,,,raw_no_vmd
Import_CN,6.0,"(1, 12)",-102.71620339662573,-88.0079912835792,aic,-102.71620339662573,140.0,,False,,,,,raw_no_vmd
USD_VND,1.0,"(1, 12)",-102.79802235345889,-88.08981024041236,aic,-102.79802235345889,140.0,,False,,,,,raw_no_vmd
USD_VND,2.0,"(1, 12)",-102.54579100805807,-87.83757889501155,aic,-102.54579100805807,140.0,,False,,,,,raw_no_vmd
USD_VND,3.0,"(1, 12)",-103.39923185709303,-88.69101974404651,aic,-103.39923185709303,140.0,1.0,True,,,,,raw_no_vmd
USD_VND,4.0,"(1, 12)",-103.1425243231965,-88.43431221014998,aic,-103.1425243231965,140.0,3.0,True,,,,,raw_no_vmd
USD_VND,5.0,"(1, 12)",-102.61245982788597,-87.90424771483944,aic,-102.61245982788597,140.0,,False,,,,,raw_no_vmd
USD_VND,6.0,"(1, 12)",-103.37687868994345,-88.66866657689692,aic,-103.37687868994345,140.0,2.0,True,,,,,raw_no_vmd
__ffnn_combo__,,"(1, 12)",,,aic,,,,,1.0,-526.2851492862586,"{'US_Retail': (1,), 'PCE': (1,), 'US_Sentiment': (6,), 'Import_CN': (2,), 'USD_VND': (3,)}","target:[1, 12] | US_Retail:[1], PCE:[1], US_Sentiment:[6], Import_CN:[2], USD_VND:[3]",raw_no_vmd
__ffnn_combo__,,"(1, 12)",,,aic,,,,,2.0,-526.262796119109,"{'US_Retail': (1,), 'PCE': (1,), 'US_Sentiment': (6,), 'Import_CN': (2,), 'USD_VND': (6,)}","target:[1, 12] | US_Retail:[1], PCE:[1], US_Sentiment:[6], Import_CN:[2], USD_VND:[6]",raw_no_vmd
__ffnn_combo__,,"(1, 12)",,,aic,,,,,3.0,-526.028441752362,"{'US_Retail': (1,), 'PCE': (1,), 'US_Sentiment': (6,), 'Import_CN': (2,), 'USD_VND': (4,)}","target:[1, 12] | US_Retail:[1], PCE:[1], US_Sentiment:[6], Import_CN:[2], USD_VND:[4]",raw_no_vmd
__ffnn_combo__,,"(1, 12)",,,aic,,,,,4.0,-524.1290699946536,"{'US_Retail': (1,), 'PCE': (1,), 'US_Sentiment': (6,), 'Import_CN': (1,), 'USD_VND': (3,)}","target:[1, 12] | US_Retail:[1], PCE:[1], US_Sentiment:[6], Import_CN:[1], USD_VND:[3]",raw_no_vmd
__ffnn_combo__,,"(1, 12)",,,aic,,,,,5.0,-524.106716827504,"{'US_Retail': (1,), 'PCE': (1,), 'US_Sentiment': (6,), 'Import_CN': (1,), 'USD_VND': (6,)}","target:[1, 12] | US_Retail:[1], PCE:[1], US_Sentiment:[6], Import_CN:[1], USD_VND:[6]",raw_no_vmd
__ffnn_combo__,,"(1, 12)",,,aic,,,,,6.0,-523.872362460757,"{'US_Retail': (1,), 'PCE': (1,), 'US_Sentiment': (6,), 'Import_CN': (1,), 'USD_VND': (4,)}","target:[1, 12] | US_Retail:[1], PCE:[1], US_Sentiment:[6], Import_CN:[1], USD_VND:[4]",raw_no_vmd
__ffnn_combo__,,"(1, 12)",,,aic,,,,,7.0,-523.3537397701027,"{'US_Retail': (1,), 'PCE': (1,), 'US_Sentiment': (6,), 'Import_CN': (3,), 'USD_VND': (3,)}","target:[1, 12] | US_Retail:[1], PCE:[1], US_Sentiment:[6], Import_CN:[3], USD_VND:[3]",raw_no_vmd
__ffnn_combo__,,"(1, 12)",,,aic,,,,,8.0,-523.3313866029532,"{'US_Retail': (1,), 'PCE': (1,), 'US_Sentiment': (6,), 'Import_CN': (3,), 'USD_VND': (6,)}","target:[1, 12] | US_Retail:[1], PCE:[1], US_Sentiment:[6], Import_CN:[3], USD_VND:[6]",raw_no_vmd
__ffnn_combo__,,"(1, 12)",,,aic,,,,,9.0,-523.0970322362062,"{'US_Retail': (1,), 'PCE': (1,), 'US_Sentiment': (6,), 'Import_CN': (3,), 'USD_VND': (4,)}","target:[1, 12] | US_Retail:[1], PCE:[1], US_Sentiment:[6], Import_CN:[3], USD_VND:[4]",raw_no_vmd
__ffnn_combo__,,"(1, 12)",,,aic,,,,,10.0,-524.3222755367281,"{'US_Retail': (1,), 'PCE': (1,), 'US_Sentiment': (5,), 'Import_CN': (2,), 'USD_VND': (3,)}","target:[1, 12] | US_Retail:[1], PCE:[1], US_Sentiment:[5], Import_CN:[2], USD_VND:[3]",raw_no_vmd
__ffnn_combo__,,"(1, 12)",,,aic,,,,,11.0,-524.2999223695784,"{'US_Retail': (1,), 'PCE': (1,), 'US_Sentiment': (5,), 'Import_CN': (2,), 'USD_VND': (6,)}","target:[1, 12] | US_Retail:[1], PCE:[1], US_Sentiment:[5], Import_CN:[2], USD_VND:[6]",raw_no_vmd
__ffnn_combo__,,"(1, 12)",,,aic,,,,,12.0,-524.0655680028315,"{'US_Retail': (1,), 'PCE': (1,), 'US_Sentiment': (5,), 'Import_CN': (2,), 'USD_VND': (4,)}","target:[1, 12] | US_Retail:[1], PCE:[1], US_Sentiment:[5], Import_CN:[2], USD_VND:[4]",raw_no_vmd
__ffnn_combo__,,"(1, 12)",,,aic,,,,,13.0,-522.166196245123,"{'US_Retail': (1,), 'PCE': (1,), 'US_Sentiment': (5,), 'Import_CN': (1,), 'USD_VND': (3,)}","target:[1, 12] | US_Retail:[1], PCE:[1], US_Sentiment:[5], Import_CN:[1], USD_VND:[3]",raw_no_vmd
__ffnn_combo__,,"(1, 12)",,,aic,,,,,14.0,-522.1438430779734,"{'US_Retail': (1,), 'PCE': (1,), 'US_Sentiment': (5,), 'Import_CN': (1,), 'USD_VND': (6,)}","target:[1, 12] | US_Retail:[1], PCE:[1], US_Sentiment:[5], Import_CN:[1], USD_VND:[6]",raw_no_vmd
__ffnn_combo__,,"(1, 12)",,,aic,,,,,15.0,-521.9094887112265,"{'US_Retail': (1,), 'PCE': (1,), 'US_Sentiment': (5,), 'Import_CN': (1,), 'USD_VND': (4,)}","target:[1, 12] | US_Retail:[1], PCE:[1], US_Sentiment:[5], Import_CN:[1], USD_VND:[4]",raw_no_vmd
__ffnn_combo__,,"(1, 12)",,,aic,,,,,16.0,-521.3908660205722,"{'US_Retail': (1,), 'PCE': (1,), 'US_Sentiment': (5,), 'Import_CN': (3,), 'USD_VND': (3,)}","target:[1, 12] | US_Retail:[1], PCE:[1], US_Sentiment:[5], Import_CN:[3], USD_VND:[3]",raw_no_vmd
__ffnn_combo__,,"(1, 12)",,,aic,,,,,17.0,-521.3685128534225,"{'US_Retail': (1,), 'PCE': (1,), 'US_Sentiment': (5,), 'Import_CN': (3,), 'USD_VND': (6,)}","target:[1, 12] | US_Retail:[1], PCE:[1], US_Sentiment:[5], Import_CN:[3], USD_VND:[6]",raw_no_vmd
__ffnn_combo__,,"(1, 12)",,,aic,,,,,18.0,-521.1341584866757,"{'US_Retail': (1,), 'PCE': (1,), 'US_Sentiment': (5,), 'Import_CN': (3,), 'USD_VND': (4,)}","target:[1, 12] | US_Retail:[1], PCE:[1], US_Sentiment:[5], Import_CN:[3], USD_VND:[4]",raw_no_vmd
__ffnn_combo__,,"(1, 12)",,,aic,,,,,19.0,-523.7313210532543,"{'US_Retail': (1,), 'PCE': (1,), 'US_Sentiment': (3,), 'Import_CN': (2,), 'USD_VND': (3,)}","target:[1, 12] | US_Retail:[1], PCE:[1], US_Sentiment:[3], Import_CN:[2], USD_VND:[3]",raw_no_vmd
__ffnn_combo__,,"(1, 12)",,,aic,,,,,20.0,-523.7089678861048,"{'US_Retail': (1,), 'PCE': (1,), 'US_Sentiment': (3,), 'Import_CN': (2,), 'USD_VND': (6,)}","target:[1, 12] | US_Retail:[1], PCE:[1], US_Sentiment:[3], Import_CN:[2], USD_VND:[6]",raw_no_vmd
__ffnn_combo__,,"(1, 12)",,,aic,,,,,21.0,-523.4746135193578,"{'US_Retail': (1,), 'PCE': (1,), 'US_Sentiment': (3,), 'Import_CN': (2,), 'USD_VND': (4,)}","target:[1, 12] | US_Retail:[1], PCE:[1], US_Sentiment:[3], Import_CN:[2], USD_VND:[4]",raw_no_vmd
__ffnn_combo__,,"(1, 12)",,,aic,,,,,22.0,-521.5752417616493,"{'US_Retail': (1,), 'PCE': (1,), 'US_Sentiment': (3,), 'Import_CN': (1,), 'USD_VND': (3,)}","target:[1, 12] | US_Retail:[1], PCE:[1], US_Sentiment:[3], Import_CN:[1], USD_VND:[3]",raw_no_vmd
__ffnn_combo__,,"(1, 12)",,,aic,,,,,23.0,-521.5528885944998,"{'US_Retail': (1,), 'PCE': (1,), 'US_Sentiment': (3,), 'Import_CN': (1,), 'USD_VND': (6,)}","target:[1, 12] | US_Retail:[1], PCE:[1], US_Sentiment:[3], Import_CN:[1], USD_VND:[6]",raw_no_vmd
__ffnn_combo__,,"(1, 12)",,,aic,,,,,24.0,-521.3185342277528,"{'US_Retail': (1,), 'PCE': (1,), 'US_Sentiment': (3,), 'Import_CN': (1,), 'USD_VND': (4,)}","target:[1, 12] | US_Retail:[1], PCE:[1], US_Sentiment:[3], Import_CN:[1], USD_VND:[4]",raw_no_vmd
__ffnn_combo__,,"(1, 12)",,,aic,,,,,25.0,-520.7999115370985,"{'US_Retail': (1,), 'PCE': (1,), 'US_Sentiment': (3,), 'Import_CN': (3,), 'USD_VND': (3,)}","target:[1, 12] | US_Retail:[1], PCE:[1], US_Sentiment:[3], Import_CN:[3], USD_VND:[3]",raw_no_vmd
__ffnn_combo__,,"(1, 12)",,,aic,,,,,26.0,-520.7775583699489,"{'US_Retail': (1,), 'PCE': (1,), 'US_Sentiment': (3,), 'Import_CN': (3,), 'USD_VND': (6,)}","target:[1, 12] | US_Retail:[1], PCE:[1], US_Sentiment:[3], Import_CN:[3], USD_VND:[6]",raw_no_vmd
__ffnn_combo__,,"(1, 12)",,,aic,,,,,27.0,-520.5432040032019,"{'US_Retail': (1,), 'PCE': (1,), 'US_Sentiment': (3,), 'Import_CN': (3,), 'USD_VND': (4,)}","target:[1, 12] | US_Retail:[1], PCE:[1], US_Sentiment:[3], Import_CN:[3], USD_VND:[4]",raw_no_vmd
__ffnn_combo__,,"(1, 12)",,,aic,,,,,28.0,-525.2596193278799,"{'US_Retail': (1,), 'PCE': (3,), 'US_Sentiment': (6,), 'Import_CN': (2,), 'USD_VND': (3,)}","target:[1, 12] | US_Retail:[1], PCE:[3], US_Sentiment:[6], Import_CN:[2], USD_VND:[3]",raw_no_vmd
__ffnn_combo__,,"(1, 12)",,,aic,,,,,29.0,-525.2372661607303,"{'US_Retail': (1,), 'PCE': (3,), 'US_Sentiment': (6,), 'Import_CN': (2,), 'USD_VND': (6,)}","target:[1, 12] | US_Retail:[1], PCE:[3], US_Sentiment:[6], Import_CN:[2], USD_VND:[6]",raw_no_vmd
__ffnn_combo__,,"(1, 12)",,,aic,,,,,30.0,-525.0029117939835,"{'US_Retail': (1,), 'PCE': (3,), 'US_Sentiment': (6,), 'Import_CN': (2,), 'USD_VND': (4,)}","target:[1, 12] | US_Retail:[1], PCE:[3], US_Sentiment:[6], Import_CN:[2], USD_VND:[4]",raw_no_vmd
__ffnn_combo__,,"(1, 12)",,,aic,,,,,31.0,-523.1035400362749,"{'US_Retail': (1,), 'PCE': (3,), 'US_Sentiment': (6,), 'Import_CN': (1,), 'USD_VND': (3,)}","target:[1, 12] | US_Retail:[1], PCE:[3], US_Sentiment:[6], Import_CN:[1], USD_VND:[3]",raw_no_vmd
__ffnn_combo__,,"(1, 12)",,,aic,,,,,32.0,-523.0811868691253,"{'US_Retail': (1,), 'PCE': (3,), 'US_Sentiment': (6,), 'Import_CN': (1,), 'USD_VND': (6,)}","target:[1, 12] | US_Retail:[1], PCE:[3], US_Sentiment:[6], Import_CN:[1], USD_VND:[6]",raw_no_vmd
__ffnn_combo__,,"(1, 12)",,,aic,,,,,33.0,-522.8468325023784,"{'US_Retail': (1,), 'PCE': (3,), 'US_Sentiment': (6,), 'Import_CN': (1,), 'USD_VND': (4,)}","target:[1, 12] | US_Retail:[1], PCE:[3], US_Sentiment:[6], Import_CN:[1], USD_VND:[4]",raw_no_vmd
__ffnn_combo__,,"(1, 12)",,,aic,,,,,34.0,-522.328209811724,"{'US_Retail': (1,), 'PCE': (3,), 'US_Sentiment': (6,), 'Import_CN': (3,), 'USD_VND': (3,)}","target:[1, 12] | US_Retail:[1], PCE:[3], US_Sentiment:[6], Import_CN:[3], USD_VND:[3]",raw_no_vmd
__ffnn_combo__,,"(1, 12)",,,aic,,,,,35.0,-522.3058566445745,"{'US_Retail': (1,), 'PCE': (3,), 'US_Sentiment': (6,), 'Import_CN': (3,), 'USD_VND': (6,)}","target:[1, 12] | US_Retail:[1], PCE:[3], US_Sentiment:[6], Import_CN:[3], USD_VND:[6]",raw_no_vmd
__ffnn_combo__,,"(1, 12)",,,aic,,,,,36.0,-522.0715022778276,"{'US_Retail': (1,), 'PCE': (3,), 'US_Sentiment': (6,), 'Import_CN': (3,), 'USD_VND': (4,)}","target:[1, 12] | US_Retail:[1], PCE:[3], US_Sentiment:[6], Import_CN:[3], USD_VND:[4]",raw_no_vmd
__ffnn_combo__,,"(1, 12)",,,aic,,,,,37.0,-523.2967455783494,"{'US_Retail': (1,), 'PCE': (3,), 'US_Sentiment': (5,), 'Import_CN': (2,), 'USD_VND': (3,)}","target:[1, 12] | US_Retail:[1], PCE:[3], US_Sentiment:[5], Import_CN:[2], USD_VND:[3]",raw_no_vmd
__ffnn_combo__,,"(1, 12)",,,aic,,,,,38.0,-523.2743924111998,"{'US_Retail': (1,), 'PCE': (3,), 'US_Sentiment': (5,), 'Import_CN': (2,), 'USD_VND': (6,)}","target:[1, 12] | US_Retail:[1], PCE:[3], US_Sentiment:[5], Import_CN:[2], USD_VND:[6]",raw_no_vmd
__ffnn_combo__,,"(1, 12)",,,aic,,,,,39.0,-523.0400380444528,"{'US_Retail': (1,), 'PCE': (3,), 'US_Sentiment': (5,), 'Import_CN': (2,), 'USD_VND': (4,)}","target:[1, 12] | US_Retail:[1], PCE:[3], US_Sentiment:[5], Import_CN:[2], USD_VND:[4]",raw_no_vmd
__ffnn_combo__,,"(1, 12)",,,aic,,,,,40.0,-521.1406662867444,"{'US_Retail': (1,), 'PCE': (3,), 'US_Sentiment': (5,), 'Import_CN': (1,), 'USD_VND': (3,)}","target:[1, 12] | US_Retail:[1], PCE:[3], US_Sentiment:[5], Import_CN:[1], USD_VND:[3]",raw_no_vmd
__ffnn_combo__,,"(1, 12)",,,aic,,,,,41.0,-521.1183131195947,"{'US_Retail': (1,), 'PCE': (3,), 'US_Sentiment': (5,), 'Import_CN': (1,), 'USD_VND': (6,)}","target:[1, 12] | US_Retail:[1], PCE:[3], US_Sentiment:[5], Import_CN:[1], USD_VND:[6]",raw_no_vmd
__ffnn_combo__,,"(1, 12)",,,aic,,,,,42.0,-520.8839587528478,"{'US_Retail': (1,), 'PCE': (3,), 'US_Sentiment': (5,), 'Import_CN': (1,), 'USD_VND': (4,)}","target:[1, 12] | US_Retail:[1], PCE:[3], US_Sentiment:[5], Import_CN:[1], USD_VND:[4]",raw_no_vmd
__ffnn_combo__,,"(1, 12)",,,aic,,,,,43.0,-520.3653360621936,"{'US_Retail': (1,), 'PCE': (3,), 'US_Sentiment': (5,), 'Import_CN': (3,), 'USD_VND': (3,)}","target:[1, 12] | US_Retail:[1], PCE:[3], US_Sentiment:[5], Import_CN:[3], USD_VND:[3]",raw_no_vmd
__ffnn_combo__,,"(1, 12)",,,aic,,,,,44.0,-520.342982895044,"{'US_Retail': (1,), 'PCE': (3,), 'US_Sentiment': (5,), 'Import_CN': (3,), 'USD_VND': (6,)}","target:[1, 12] | US_Retail:[1], PCE:[3], US_Sentiment:[5], Import_CN:[3], USD_VND:[6]",raw_no_vmd
__ffnn_combo__,,"(1, 12)",,,aic,,,,,45.0,-520.108628528297,"{'US_Retail': (1,), 'PCE': (3,), 'US_Sentiment': (5,), 'Import_CN': (3,), 'USD_VND': (4,)}","target:[1, 12] | US_Retail:[1], PCE:[3], US_Sentiment:[5], Import_CN:[3], USD_VND:[4]",raw_no_vmd
__ffnn_combo__,,"(1, 12)",,,aic,,,,,46.0,-522.7057910948757,"{'US_Retail': (1,), 'PCE': (3,), 'US_Sentiment': (3,), 'Import_CN': (2,), 'USD_VND': (3,)}","target:[1, 12] | US_Retail:[1], PCE:[3], US_Sentiment:[3], Import_CN:[2], USD_VND:[3]",raw_no_vmd
__ffnn_combo__,,"(1, 12)",,,aic,,,,,47.0,-522.6834379277261,"{'US_Retail': (1,), 'PCE': (3,), 'US_Sentiment': (3,), 'Import_CN': (2,), 'USD_VND': (6,)}","target:[1, 12] | US_Retail:[1], PCE:[3], US_Sentiment:[3], Import_CN:[2], USD_VND:[6]",raw_no_vmd
__ffnn_combo__,,"(1, 12)",,,aic,,,,,48.0,-522.4490835609791,"{'US_Retail': (1,), 'PCE': (3,), 'US_Sentiment': (3,), 'Import_CN': (2,), 'USD_VND': (4,)}","target:[1, 12] | US_Retail:[1], PCE:[3], US_Sentiment:[3], Import_CN:[2], USD_VND:[4]",raw_no_vmd
__ffnn_combo__,,"(1, 12)",,,aic,,,,,49.0,-520.5497118032707,"{'US_Retail': (1,), 'PCE': (3,), 'US_Sentiment': (3,), 'Import_CN': (1,), 'USD_VND': (3,)}","target:[1, 12] | US_Retail:[1], PCE:[3], US_Sentiment:[3], Import_CN:[1], USD_VND:[3]",raw_no_vmd
__ffnn_combo__,,"(1, 12)",,,aic,,,,,50.0,-520.5273586361211,"{'US_Retail': (1,), 'PCE': (3,), 'US_Sentiment': (3,), 'Import_CN': (1,), 'USD_VND': (6,)}","target:[1, 12] | US_Retail:[1], PCE:[3], US_Sentiment:[3], Import_CN:[1], USD_VND:[6]",raw_no_vmd
__ffnn_combo__,,"(1, 12)",,,aic,,,,,51.0,-520.2930042693741,"{'US_Retail': (1,), 'PCE': (3,), 'US_Sentiment': (3,), 'Import_CN': (1,), 'USD_VND': (4,)}","target:[1, 12] | US_Retail:[1], PCE:[3], US_Sentiment:[3], Import_CN:[1], USD_VND:[4]",raw_no_vmd
__ffnn_combo__,,"(1, 12)",,,aic,,,,,52.0,-519.7743815787198,"{'US_Retail': (1,), 'PCE': (3,), 'US_Sentiment': (3,), 'Import_CN': (3,), 'USD_VND': (3,)}","target:[1, 12] | US_Retail:[1], PCE:[3], US_Sentiment:[3], Import_CN:[3], USD_VND:[3]",raw_no_vmd
__ffnn_combo__,,"(1, 12)",,,aic,,,,,53.0,-519.7520284115703,"{'US_Retail': (1,), 'PCE': (3,), 'US_Sentiment': (3,), 'Import_CN': (3,), 'USD_VND': (6,)}","target:[1, 12] | US_Retail:[1], PCE:[3], US_Sentiment:[3], Import_CN:[3], USD_VND:[6]",raw_no_vmd
__ffnn_combo__,,"(1, 12)",,,aic,,,,,54.0,-519.5176740448234,"{'US_Retail': (1,), 'PCE': (3,), 'US_Sentiment': (3,), 'Import_CN': (3,), 'USD_VND': (4,)}","target:[1, 12] | US_Retail:[1], PCE:[3], US_Sentiment:[3], Import_CN:[3], USD_VND:[4]",raw_no_vmd
__ffnn_combo__,,"(1, 12)",,,aic,,,,,55.0,-523.769482926816,"{'US_Retail': (1,), 'PCE': (2,), 'US_Sentiment': (6,), 'Import_CN': (2,), 'USD_VND': (3,)}","target:[1, 12] | US_Retail:[1], PCE:[2], US_Sentiment:[6], Import_CN:[2], USD_VND:[3]",raw_no_vmd
__ffnn_combo__,,"(1, 12)",,,aic,,,,,56.0,-523.7471297596663,"{'US_Retail': (1,), 'PCE': (2,), 'US_Sentiment': (6,), 'Import_CN': (2,), 'USD_VND': (6,)}","target:[1, 12] | US_Retail:[1], PCE:[2], US_Sentiment:[6], Import_CN:[2], USD_VND:[6]",raw_no_vmd
__ffnn_combo__,,"(1, 12)",,,aic,,,,,57.0,-523.5127753929194,"{'US_Retail': (1,), 'PCE': (2,), 'US_Sentiment': (6,), 'Import_CN': (2,), 'USD_VND': (4,)}","target:[1, 12] | US_Retail:[1], PCE:[2], US_Sentiment:[6], Import_CN:[2], USD_VND:[4]",raw_no_vmd
__ffnn_combo__,,"(1, 12)",,,aic,,,,,58.0,-521.613403635211,"{'US_Retail': (1,), 'PCE': (2,), 'US_Sentiment': (6,), 'Import_CN': (1,), 'USD_VND': (3,)}","target:[1, 12] | US_Retail:[1], PCE:[2], US_Sentiment:[6], Import_CN:[1], USD_VND:[3]",raw_no_vmd
__ffnn_combo__,,"(1, 12)",,,aic,,,,,59.0,-521.5910504680613,"{'US_Retail': (1,), 'PCE': (2,), 'US_Sentiment': (6,), 'Import_CN': (1,), 'USD_VND': (6,)}","target:[1, 12] | US_Retail:[1], PCE:[2], US_Sentiment:[6], Import_CN:[1], USD_VND:[6]",raw_no_vmd
__ffnn_combo__,,"(1, 12)",,,aic,,,,,60.0,-521.3566961013144,"{'US_Retail': (1,), 'PCE': (2,), 'US_Sentiment': (6,), 'Import_CN': (1,), 'USD_VND': (4,)}","target:[1, 12] | US_Retail:[1], PCE:[2], US_Sentiment:[6], Import_CN:[1], USD_VND:[4]",raw_no_vmd
__ffnn_combo__,,"(1, 12)",,,aic,,,,,61.0,-520.8380734106601,"{'US_Retail': (1,), 'PCE': (2,), 'US_Sentiment': (6,), 'Import_CN': (3,), 'USD_VND': (3,)}","target:[1, 12] | US_Retail:[1], PCE:[2], US_Sentiment:[6], Import_CN:[3], USD_VND:[3]",raw_no_vmd
__ffnn_combo__,,"(1, 12)",,,aic,,,,,62.0,-520.8157202435106,"{'US_Retail': (1,), 'PCE': (2,), 'US_Sentiment': (6,), 'Import_CN': (3,), 'USD_VND': (6,)}","target:[1, 12] | US_Retail:[1], PCE:[2], US_Sentiment:[6], Import_CN:[3], USD_VND:[6]",raw_no_vmd
__ffnn_combo__,,"(1, 12)",,,aic,,,,,63.0,-520.5813658767636,"{'US_Retail': (1,), 'PCE': (2,), 'US_Sentiment': (6,), 'Import_CN': (3,), 'USD_VND': (4,)}","target:[1, 12] | US_Retail:[1], PCE:[2], US_Sentiment:[6], Import_CN:[3], USD_VND:[4]",raw_no_vmd
__ffnn_combo__,,"(1, 12)",,,aic,,,,,64.0,-521.8066091772854,"{'US_Retail': (1,), 'PCE': (2,), 'US_Sentiment': (5,), 'Import_CN': (2,), 'USD_VND': (3,)}","target:[1, 12] | US_Retail:[1], PCE:[2], US_Sentiment:[5], Import_CN:[2], USD_VND:[3]",raw_no_vmd
__ffnn_combo__,,"(1, 12)",,,aic,,,,,65.0,-521.7842560101358,"{'US_Retail': (1,), 'PCE': (2,), 'US_Sentiment': (5,), 'Import_CN': (2,), 'USD_VND': (6,)}","target:[1, 12] | US_Retail:[1], PCE:[2], US_Sentiment:[5], Import_CN:[2], USD_VND:[6]",raw_no_vmd
__ffnn_combo__,,"(1, 12)",,,aic,,,,,66.0,-521.5499016433888,"{'US_Retail': (1,), 'PCE': (2,), 'US_Sentiment': (5,), 'Import_CN': (2,), 'USD_VND': (4,)}","target:[1, 12] | US_Retail:[1], PCE:[2], US_Sentiment:[5], Import_CN:[2], USD_VND:[4]",raw_no_vmd
__ffnn_combo__,,"(1, 12)",,,aic,,,,,67.0,-519.6505298856804,"{'US_Retail': (1,), 'PCE': (2,), 'US_Sentiment': (5,), 'Import_CN': (1,), 'USD_VND': (3,)}","target:[1, 12] | US_Retail:[1], PCE:[2], US_Sentiment:[5], Import_CN:[1], USD_VND:[3]",raw_no_vmd
__ffnn_combo__,,"(1, 12)",,,aic,,,,,68.0,-519.6281767185308,"{'US_Retail': (1,), 'PCE': (2,), 'US_Sentiment': (5,), 'Import_CN': (1,), 'USD_VND': (6,)}","target:[1, 12] | US_Retail:[1], PCE:[2], US_Sentiment:[5], Import_CN:[1], USD_VND:[6]",raw_no_vmd
__ffnn_combo__,,"(1, 12)",,,aic,,,,,69.0,-519.3938223517838,"{'US_Retail': (1,), 'PCE': (2,), 'US_Sentiment': (5,), 'Import_CN': (1,), 'USD_VND': (4,)}","target:[1, 12] | US_Retail:[1], PCE:[2], US_Sentiment:[5], Import_CN:[1], USD_VND:[4]",raw_no_vmd
__ffnn_combo__,,"(1, 12)",,,aic,,,,,70.0,-518.8751996611295,"{'US_Retail': (1,), 'PCE': (2,), 'US_Sentiment': (5,), 'Import_CN': (3,), 'USD_VND': (3,)}","target:[1, 12] | US_Retail:[1], PCE:[2], US_Sentiment:[5], Import_CN:[3], USD_VND:[3]",raw_no_vmd
__ffnn_combo__,,"(1, 12)",,,aic,,,,,71.0,-518.85284649398,"{'US_Retail': (1,), 'PCE': (2,), 'US_Sentiment': (5,), 'Import_CN': (3,), 'USD_VND': (6,)}","target:[1, 12] | US_Retail:[1], PCE:[2], US_Sentiment:[5], Import_CN:[3], USD_VND:[6]",raw_no_vmd
__ffnn_combo__,,"(1, 12)",,,aic,,,,,72.0,-518.618492127233,"{'US_Retail': (1,), 'PCE': (2,), 'US_Sentiment': (5,), 'Import_CN': (3,), 'USD_VND': (4,)}","target:[1, 12] | US_Retail:[1], PCE:[2], US_Sentiment:[5], Import_CN:[3], USD_VND:[4]",raw_no_vmd
__ffnn_combo__,,"(1, 12)",,,aic,,,,,73.0,-521.2156546938118,"{'US_Retail': (1,), 'PCE': (2,), 'US_Sentiment': (3,), 'Import_CN': (2,), 'USD_VND': (3,)}","target:[1, 12] | US_Retail:[1], PCE:[2], US_Sentiment:[3], Import_CN:[2], USD_VND:[3]",raw_no_vmd
__ffnn_combo__,,"(1, 12)",,,aic,,,,,74.0,-521.1933015266621,"{'US_Retail': (1,), 'PCE': (2,), 'US_Sentiment': (3,), 'Import_CN': (2,), 'USD_VND': (6,)}","target:[1, 12] | US_Retail:[1], PCE:[2], US_Sentiment:[3], Import_CN:[2], USD_VND:[6]",raw_no_vmd
__ffnn_combo__,,"(1, 12)",,,aic,,,,,75.0,-520.9589471599152,"{'US_Retail': (1,), 'PCE': (2,), 'US_Sentiment': (3,), 'Import_CN': (2,), 'USD_VND': (4,)}","target:[1, 12] | US_Retail:[1], PCE:[2], US_Sentiment:[3], Import_CN:[2], USD_VND:[4]",raw_no_vmd
__ffnn_combo__,,"(1, 12)",,,aic,,,,,76.0,-519.0595754022067,"{'US_Retail': (1,), 'PCE': (2,), 'US_Sentiment': (3,), 'Import_CN': (1,), 'USD_VND': (3,)}","target:[1, 12] | US_Retail:[1], PCE:[2], US_Sentiment:[3], Import_CN:[1], USD_VND:[3]",raw_no_vmd
__ffnn_combo__,,"(1, 12)",,,aic,,,,,77.0,-519.0372222350571,"{'US_Retail': (1,), 'PCE': (2,), 'US_Sentiment': (3,), 'Import_CN': (1,), 'USD_VND': (6,)}","target:[1, 12] | US_Retail:[1], PCE:[2], US_Sentiment:[3], Import_CN:[1], USD_VND:[6]",raw_no_vmd
__ffnn_combo__,,"(1, 12)",,,aic,,,,,78.0,-518.8028678683102,"{'US_Retail': (1,), 'PCE': (2,), 'US_Sentiment': (3,), 'Import_CN': (1,), 'USD_VND': (4,)}","target:[1, 12] | US_Retail:[1], PCE:[2], US_Sentiment:[3], Import_CN:[1], USD_VND:[4]",raw_no_vmd
__ffnn_combo__,,"(1, 12)",,,aic,,,,,79.0,-518.2842451776559,"{'US_Retail': (1,), 'PCE': (2,), 'US_Sentiment': (3,), 'Import_CN': (3,), 'USD_VND': (3,)}","target:[1, 12] | US_Retail:[1], PCE:[2], US_Sentiment:[3], Import_CN:[3], USD_VND:[3]",raw_no_vmd
__ffnn_combo__,,"(1, 12)",,,aic,,,,,80.0,-518.2618920105062,"{'US_Retail': (1,), 'PCE': (2,), 'US_Sentiment': (3,), 'Import_CN': (3,), 'USD_VND': (6,)}","target:[1, 12] | US_Retail:[1], PCE:[2], US_Sentiment:[3], Import_CN:[3], USD_VND:[6]",raw_no_vmd
__ffnn_combo__,,"(1, 12)",,,aic,,,,,81.0,-518.0275376437594,"{'US_Retail': (1,), 'PCE': (2,), 'US_Sentiment': (3,), 'Import_CN': (3,), 'USD_VND': (4,)}","target:[1, 12] | US_Retail:[1], PCE:[2], US_Sentiment:[3], Import_CN:[3], USD_VND:[4]",raw_no_vmd
__ffnn_combo__,,"(1, 12)",,,aic,,,,,82.0,-523.8878903371668,"{'US_Retail': (3,), 'PCE': (1,), 'US_Sentiment': (6,), 'Import_CN': (2,), 'USD_VND': (3,)}","target:[1, 12] | US_Retail:[3], PCE:[1], US_Sentiment:[6], Import_CN:[2], USD_VND:[3]",raw_no_vmd
__ffnn_combo__,,"(1, 12)",,,aic,,,,,83.0,-523.8655371700173,"{'US_Retail': (3,), 'PCE': (1,), 'US_Sentiment': (6,), 'Import_CN': (2,), 'USD_VND': (6,)}","target:[1, 12] | US_Retail:[3], PCE:[1], US_Sentiment:[6], Import_CN:[2], USD_VND:[6]",raw_no_vmd
__ffnn_combo__,,"(1, 12)",,,aic,,,,,84.0,-523.6311828032703,"{'US_Retail': (3,), 'PCE': (1,), 'US_Sentiment': (6,), 'Import_CN': (2,), 'USD_VND': (4,)}","target:[1, 12] | US_Retail:[3], PCE:[1], US_Sentiment:[6], Import_CN:[2], USD_VND:[4]",raw_no_vmd
__ffnn_combo__,,"(1, 12)",,,aic,,,,,85.0,-521.7318110455618,"{'US_Retail': (3,), 'PCE': (1,), 'US_Sentiment': (6,), 'Import_CN': (1,), 'USD_VND': (3,)}","target:[1, 12] | US_Retail:[3], PCE:[1], US_Sentiment:[6], Import_CN:[1], USD_VND:[3]",raw_no_vmd
__ffnn_combo__,,"(1, 12)",,,aic,,,,,86.0,-521.7094578784123,"{'US_Retail': (3,), 'PCE': (1,), 'US_Sentiment': (6,), 'Import_CN': (1,), 'USD_VND': (6,)}","target:[1, 12] | US_Retail:[3], PCE:[1], US_Sentiment:[6], Import_CN:[1], USD_VND:[6]",raw_no_vmd
__ffnn_combo__,,"(1, 12)",,,aic,,,,,87.0,-521.4751035116653,"{'US_Retail': (3,), 'PCE': (1,), 'US_Sentiment': (6,), 'Import_CN': (1,), 'USD_VND': (4,)}","target:[1, 12] | US_Retail:[3], PCE:[1], US_Sentiment:[6], Import_CN:[1], USD_VND:[4]",raw_no_vmd
__ffnn_combo__,,"(1, 12)",,,aic,,,,,88.0,-520.956480821011,"{'US_Retail': (3,), 'PCE': (1,), 'US_Sentiment': (6,), 'Import_CN': (3,), 'USD_VND': (3,)}","target:[1, 12] | US_Retail:[3], PCE:[1], US_Sentiment:[6], Import_CN:[3], USD_VND:[3]",raw_no_vmd
__ffnn_combo__,,"(1, 12)",,,aic,,,,,89.0,-520.9341276538614,"{'US_Retail': (3,), 'PCE': (1,), 'US_Sentiment': (6,), 'Import_CN': (3,), 'USD_VND': (6,)}","target:[1, 12] | US_Retail:[3], PCE:[1], US_Sentiment:[6], Import_CN:[3], USD_VND:[6]",raw_no_vmd
__ffnn_combo__,,"(1, 12)",,,aic,,,,,90.0,-520.6997732871145,"{'US_Retail': (3,), 'PCE': (1,), 'US_Sentiment': (6,), 'Import_CN': (3,), 'USD_VND': (4,)}","target:[1, 12] | US_Retail:[3], PCE:[1], US_Sentiment:[6], Import_CN:[3], USD_VND:[4]",raw_no_vmd
__ffnn_combo__,,"(1, 12)",,,aic,,,,,91.0,-521.9250165876363,"{'US_Retail': (3,), 'PCE': (1,), 'US_Sentiment': (5,), 'Import_CN': (2,), 'USD_VND': (3,)}","target:[1, 12] | US_Retail:[3], PCE:[1], US_Sentiment:[5], Import_CN:[2], USD_VND:[3]",raw_no_vmd
__ffnn_combo__,,"(1, 12)",,,aic,,,,,92.0,-521.9026634204868,"{'US_Retail': (3,), 'PCE': (1,), 'US_Sentiment': (5,), 'Import_CN': (2,), 'USD_VND': (6,)}","target:[1, 12] | US_Retail:[3], PCE:[1], US_Sentiment:[5], Import_CN:[2], USD_VND:[6]",raw_no_vmd
__ffnn_combo__,,"(1, 12)",,,aic,,,,,93.0,-521.6683090537398,"{'US_Retail': (3,), 'PCE': (1,), 'US_Sentiment': (5,), 'Import_CN': (2,), 'USD_VND': (4,)}","target:[1, 12] | US_Retail:[3], PCE:[1], US_Sentiment:[5], Import_CN:[2], USD_VND:[4]",raw_no_vmd
__ffnn_combo__,,"(1, 12)",,,aic,,,,,94.0,-519.7689372960313,"{'US_Retail': (3,), 'PCE': (1,), 'US_Sentiment': (5,), 'Import_CN': (1,), 'USD_VND': (3,)}","target:[1, 12] | US_Retail:[3], PCE:[1], US_Sentiment:[5], Import_CN:[1], USD_VND:[3]",raw_no_vmd
__ffnn_combo__,,"(1, 12)",,,aic,,,,,95.0,-519.7465841288818,"{'US_Retail': (3,), 'PCE': (1,), 'US_Sentiment': (5,), 'Import_CN': (1,), 'USD_VND': (6,)}","target:[1, 12] | US_Retail:[3], PCE:[1], US_Sentiment:[5], Import_CN:[1], USD_VND:[6]",raw_no_vmd
__ffnn_combo__,,"(1, 12)",,,aic,,,,,96.0,-519.5122297621348,"{'US_Retail': (3,), 'PCE': (1,), 'US_Sentiment': (5,), 'Import_CN': (1,), 'USD_VND': (4,)}","target:[1, 12] | US_Retail:[3], PCE:[1], US_Sentiment:[5], Import_CN:[1], USD_VND:[4]",raw_no_vmd
__ffnn_combo__,,"(1, 12)",,,aic,,,,,97.0,-518.9936070714805,"{'US_Retail': (3,), 'PCE': (1,), 'US_Sentiment': (5,), 'Import_CN': (3,), 'USD_VND': (3,)}","target:[1, 12] | US_Retail:[3], PCE:[1], US_Sentiment:[5], Import_CN:[3], USD_VND:[3]",raw_no_vmd
__ffnn_combo__,,"(1, 12)",,,aic,,,,,98.0,-518.9712539043309,"{'US_Retail': (3,), 'PCE': (1,), 'US_Sentiment': (5,), 'Import_CN': (3,), 'USD_VND': (6,)}","target:[1, 12] | US_Retail:[3], PCE:[1], US_Sentiment:[5], Import_CN:[3], USD_VND:[6]",raw_no_vmd
__ffnn_combo__,,"(1, 12)",,,aic,,,,,99.0,-518.7368995375839,"{'US_Retail': (3,), 'PCE': (1,), 'US_Sentiment': (5,), 'Import_CN': (3,), 'USD_VND': (4,)}","target:[1, 12] | US_Retail:[3], PCE:[1], US_Sentiment:[5], Import_CN:[3], USD_VND:[4]",raw_no_vmd
__ffnn_combo__,,"(1, 12)",,,aic,,,,,100.0,-521.3340621041626,"{'US_Retail': (3,), 'PCE': (1,), 'US_Sentiment': (3,), 'Import_CN': (2,), 'USD_VND': (3,)}","target:[1, 12] | US_Retail:[3], PCE:[1], US_Sentiment:[3], Import_CN:[2], USD_VND:[3]",raw_no_vmd
__ffnn_combo__,,"(1, 12)",,,aic,,,,,101.0,-521.311708937013,"{'US_Retail': (3,), 'PCE': (1,), 'US_Sentiment': (3,), 'Import_CN': (2,), 'USD_VND': (6,)}","target:[1, 12] | US_Retail:[3], PCE:[1], US_Sentiment:[3], Import_CN:[2], USD_VND:[6]",raw_no_vmd
__ffnn_combo__,,"(1, 12)",,,aic,,,,,102.0,-521.0773545702662,"{'US_Retail': (3,), 'PCE': (1,), 'US_Sentiment': (3,), 'Import_CN': (2,), 'USD_VND': (4,)}","target:[1, 12] | US_Retail:[3], PCE:[1], US_Sentiment:[3], Import_CN:[2], USD_VND:[4]",raw_no_vmd
__ffnn_combo__,,"(1, 12)",,,aic,,,,,103.0,-519.1779828125576,"{'US_Retail': (3,), 'PCE': (1,), 'US_Sentiment': (3,), 'Import_CN': (1,), 'USD_VND': (3,)}","target:[1, 12] | US_Retail:[3], PCE:[1], US_Sentiment:[3], Import_CN:[1], USD_VND:[3]",raw_no_vmd
__ffnn_combo__,,"(1, 12)",,,aic,,,,,104.0,-519.155629645408,"{'US_Retail': (3,), 'PCE': (1,), 'US_Sentiment': (3,), 'Import_CN': (1,), 'USD_VND': (6,)}","target:[1, 12] | US_Retail:[3], PCE:[1], US_Sentiment:[3], Import_CN:[1], USD_VND:[6]",raw_no_vmd
__ffnn_combo__,,"(1, 12)",,,aic,,,,,105.0,-518.9212752786611,"{'US_Retail': (3,), 'PCE': (1,), 'US_Sentiment': (3,), 'Import_CN': (1,), 'USD_VND': (4,)}","target:[1, 12] | US_Retail:[3], PCE:[1], US_Sentiment:[3], Import_CN:[1], USD_VND:[4]",raw_no_vmd
__ffnn_combo__,,"(1, 12)",,,aic,,,,,106.0,-518.4026525880067,"{'US_Retail': (3,), 'PCE': (1,), 'US_Sentiment': (3,), 'Import_CN': (3,), 'USD_VND': (3,)}","target:[1, 12] | US_Retail:[3], PCE:[1], US_Sentiment:[3], Import_CN:[3], USD_VND:[3]",raw_no_vmd
__ffnn_combo__,,"(1, 12)",,,aic,,,,,107.0,-518.3802994208572,"{'US_Retail': (3,), 'PCE': (1,), 'US_Sentiment': (3,), 'Import_CN': (3,), 'USD_VND': (6,)}","target:[1, 12] | US_Retail:[3], PCE:[1], US_Sentiment:[3], Import_CN:[3], USD_VND:[6]",raw_no_vmd
__ffnn_combo__,,"(1, 12)",,,aic,,,,,108.0,-518.1459450541103,"{'US_Retail': (3,), 'PCE': (1,), 'US_Sentiment': (3,), 'Import_CN': (3,), 'USD_VND': (4,)}","target:[1, 12] | US_Retail:[3], PCE:[1], US_Sentiment:[3], Import_CN:[3], USD_VND:[4]",raw_no_vmd
__ffnn_combo__,,"(1, 12)",,,aic,,,,,109.0,-522.8623603787883,"{'US_Retail': (3,), 'PCE': (3,), 'US_Sentiment': (6,), 'Import_CN': (2,), 'USD_VND': (3,)}","target:[1, 12] | US_Retail:[3], PCE:[3], US_Sentiment:[6], Import_CN:[2], USD_VND:[3]",raw_no_vmd
__ffnn_combo__,,"(1, 12)",,,aic,,,,,110.0,-522.8400072116386,"{'US_Retail': (3,), 'PCE': (3,), 'US_Sentiment': (6,), 'Import_CN': (2,), 'USD_VND': (6,)}","target:[1, 12] | US_Retail:[3], PCE:[3], US_Sentiment:[6], Import_CN:[2], USD_VND:[6]",raw_no_vmd
__ffnn_combo__,,"(1, 12)",,,aic,,,,,111.0,-522.6056528448917,"{'US_Retail': (3,), 'PCE': (3,), 'US_Sentiment': (6,), 'Import_CN': (2,), 'USD_VND': (4,)}","target:[1, 12] | US_Retail:[3], PCE:[3], US_Sentiment:[6], Import_CN:[2], USD_VND:[4]",raw_no_vmd
__ffnn_combo__,,"(1, 12)",,,aic,,,,,112.0,-520.7062810871832,"{'US_Retail': (3,), 'PCE': (3,), 'US_Sentiment': (6,), 'Import_CN': (1,), 'USD_VND': (3,)}","target:[1, 12] | US_Retail:[3], PCE:[3], US_Sentiment:[6], Import_CN:[1], USD_VND:[3]",raw_no_vmd
__ffnn_combo__,,"(1, 12)",,,aic,,,,,113.0,-520.6839279200336,"{'US_Retail': (3,), 'PCE': (3,), 'US_Sentiment': (6,), 'Import_CN': (1,), 'USD_VND': (6,)}","target:[1, 12] | US_Retail:[3], PCE:[3], US_Sentiment:[6], Import_CN:[1], USD_VND:[6]",raw_no_vmd
__ffnn_combo__,,"(1, 12)",,,aic,,,,,114.0,-520.4495735532867,"{'US_Retail': (3,), 'PCE': (3,), 'US_Sentiment': (6,), 'Import_CN': (1,), 'USD_VND': (4,)}","target:[1, 12] | US_Retail:[3], PCE:[3], US_Sentiment:[6], Import_CN:[1], USD_VND:[4]",raw_no_vmd
__ffnn_combo__,,"(1, 12)",,,aic,,,,,115.0,-519.9309508626324,"{'US_Retail': (3,), 'PCE': (3,), 'US_Sentiment': (6,), 'Import_CN': (3,), 'USD_VND': (3,)}","target:[1, 12] | US_Retail:[3], PCE:[3], US_Sentiment:[6], Import_CN:[3], USD_VND:[3]",raw_no_vmd
__ffnn_combo__,,"(1, 12)",,,aic,,,,,116.0,-519.9085976954829,"{'US_Retail': (3,), 'PCE': (3,), 'US_Sentiment': (6,), 'Import_CN': (3,), 'USD_VND': (6,)}","target:[1, 12] | US_Retail:[3], PCE:[3], US_Sentiment:[6], Import_CN:[3], USD_VND:[6]",raw_no_vmd
__ffnn_combo__,,"(1, 12)",,,aic,,,,,117.0,-519.6742433287359,"{'US_Retail': (3,), 'PCE': (3,), 'US_Sentiment': (6,), 'Import_CN': (3,), 'USD_VND': (4,)}","target:[1, 12] | US_Retail:[3], PCE:[3], US_Sentiment:[6], Import_CN:[3], USD_VND:[4]",raw_no_vmd
__ffnn_combo__,,"(1, 12)",,,aic,,,,,118.0,-520.8994866292577,"{'US_Retail': (3,), 'PCE': (3,), 'US_Sentiment': (5,), 'Import_CN': (2,), 'USD_VND': (3,)}","target:[1, 12] | US_Retail:[3], PCE:[3], US_Sentiment:[5], Import_CN:[2], USD_VND:[3]",raw_no_vmd
__ffnn_combo__,,"(1, 12)",,,aic,,,,,119.0,-520.8771334621081,"{'US_Retail': (3,), 'PCE': (3,), 'US_Sentiment': (5,), 'Import_CN': (2,), 'USD_VND': (6,)}","target:[1, 12] | US_Retail:[3], PCE:[3], US_Sentiment:[5], Import_CN:[2], USD_VND:[6]",raw_no_vmd
__ffnn_combo__,,"(1, 12)",,,aic,,,,,120.0,-520.6427790953611,"{'US_Retail': (3,), 'PCE': (3,), 'US_Sentiment': (5,), 'Import_CN': (2,), 'USD_VND': (4,)}","target:[1, 12] | US_Retail:[3], PCE:[3], US_Sentiment:[5], Import_CN:[2], USD_VND:[4]",raw_no_vmd
__ffnn_combo__,,"(1, 12)",,,aic,,,,,121.0,-518.7434073376527,"{'US_Retail': (3,), 'PCE': (3,), 'US_Sentiment': (5,), 'Import_CN': (1,), 'USD_VND': (3,)}","target:[1, 12] | US_Retail:[3], PCE:[3], US_Sentiment:[5], Import_CN:[1], USD_VND:[3]",raw_no_vmd
__ffnn_combo__,,"(1, 12)",,,aic,,,,,122.0,-518.7210541705031,"{'US_Retail': (3,), 'PCE': (3,), 'US_Sentiment': (5,), 'Import_CN': (1,), 'USD_VND': (6,)}","target:[1, 12] | US_Retail:[3], PCE:[3], US_Sentiment:[5], Import_CN:[1], USD_VND:[6]",raw_no_vmd
__ffnn_combo__,,"(1, 12)",,,aic,,,,,123.0,-518.4866998037561,"{'US_Retail': (3,), 'PCE': (3,), 'US_Sentiment': (5,), 'Import_CN': (1,), 'USD_VND': (4,)}","target:[1, 12] | US_Retail:[3], PCE:[3], US_Sentiment:[5], Import_CN:[1], USD_VND:[4]",raw_no_vmd
__ffnn_combo__,,"(1, 12)",,,aic,,,,,124.0,-517.9680771131018,"{'US_Retail': (3,), 'PCE': (3,), 'US_Sentiment': (5,), 'Import_CN': (3,), 'USD_VND': (3,)}","target:[1, 12] | US_Retail:[3], PCE:[3], US_Sentiment:[5], Import_CN:[3], USD_VND:[3]",raw_no_vmd
__ffnn_combo__,,"(1, 12)",,,aic,,,,,125.0,-517.9457239459523,"{'US_Retail': (3,), 'PCE': (3,), 'US_Sentiment': (5,), 'Import_CN': (3,), 'USD_VND': (6,)}","target:[1, 12] | US_Retail:[3], PCE:[3], US_Sentiment:[5], Import_CN:[3], USD_VND:[6]",raw_no_vmd
__ffnn_combo__,,"(1, 12)",,,aic,,,,,126.0,-517.7113695792053,"{'US_Retail': (3,), 'PCE': (3,), 'US_Sentiment': (5,), 'Import_CN': (3,), 'USD_VND': (4,)}","target:[1, 12] | US_Retail:[3], PCE:[3], US_Sentiment:[5], Import_CN:[3], USD_VND:[4]",raw_no_vmd
__ffnn_combo__,,"(1, 12)",,,aic,,,,,127.0,-520.3085321457839,"{'US_Retail': (3,), 'PCE': (3,), 'US_Sentiment': (3,), 'Import_CN': (2,), 'USD_VND': (3,)}","target:[1, 12] | US_Retail:[3], PCE:[3], US_Sentiment:[3], Import_CN:[2], USD_VND:[3]",raw_no_vmd
__ffnn_combo__,,"(1, 12)",,,aic,,,,,128.0,-520.2861789786344,"{'US_Retail': (3,), 'PCE': (3,), 'US_Sentiment': (3,), 'Import_CN': (2,), 'USD_VND': (6,)}","target:[1, 12] | US_Retail:[3], PCE:[3], US_Sentiment:[3], Import_CN:[2], USD_VND:[6]",raw_no_vmd
__ffnn_combo__,,"(1, 12)",,,aic,,,,,129.0,-520.0518246118875,"{'US_Retail': (3,), 'PCE': (3,), 'US_Sentiment': (3,), 'Import_CN': (2,), 'USD_VND': (4,)}","target:[1, 12] | US_Retail:[3], PCE:[3], US_Sentiment:[3], Import_CN:[2], USD_VND:[4]",raw_no_vmd
__ffnn_combo__,,"(1, 12)",,,aic,,,,,130.0,-518.1524528541789,"{'US_Retail': (3,), 'PCE': (3,), 'US_Sentiment': (3,), 'Import_CN': (1,), 'USD_VND': (3,)}","target:[1, 12] | US_Retail:[3], PCE:[3], US_Sentiment:[3], Import_CN:[1], USD_VND:[3]",raw_no_vmd
__ffnn_combo__,,"(1, 12)",,,aic,,,,,131.0,-518.1300996870294,"{'US_Retail': (3,), 'PCE': (3,), 'US_Sentiment': (3,), 'Import_CN': (1,), 'USD_VND': (6,)}","target:[1, 12] | US_Retail:[3], PCE:[3], US_Sentiment:[3], Import_CN:[1], USD_VND:[6]",raw_no_vmd
__ffnn_combo__,,"(1, 12)",,,aic,,,,,132.0,-517.8957453202825,"{'US_Retail': (3,), 'PCE': (3,), 'US_Sentiment': (3,), 'Import_CN': (1,), 'USD_VND': (4,)}","target:[1, 12] | US_Retail:[3], PCE:[3], US_Sentiment:[3], Import_CN:[1], USD_VND:[4]",raw_no_vmd
__ffnn_combo__,,"(1, 12)",,,aic,,,,,133.0,-517.3771226296282,"{'US_Retail': (3,), 'PCE': (3,), 'US_Sentiment': (3,), 'Import_CN': (3,), 'USD_VND': (3,)}","target:[1, 12] | US_Retail:[3], PCE:[3], US_Sentiment:[3], Import_CN:[3], USD_VND:[3]",raw_no_vmd
__ffnn_combo__,,"(1, 12)",,,aic,,,,,134.0,-517.3547694624785,"{'US_Retail': (3,), 'PCE': (3,), 'US_Sentiment': (3,), 'Import_CN': (3,), 'USD_VND': (6,)}","target:[1, 12] | US_Retail:[3], PCE:[3], US_Sentiment:[3], Import_CN:[3], USD_VND:[6]",raw_no_vmd
__ffnn_combo__,,"(1, 12)",,,aic,,,,,135.0,-517.1204150957316,"{'US_Retail': (3,), 'PCE': (3,), 'US_Sentiment': (3,), 'Import_CN': (3,), 'USD_VND': (4,)}","target:[1, 12] | US_Retail:[3], PCE:[3], US_Sentiment:[3], Import_CN:[3], USD_VND:[4]",raw_no_vmd
__ffnn_combo__,,"(1, 12)",,,aic,,,,,136.0,-521.3722239777243,"{'US_Retail': (3,), 'PCE': (2,), 'US_Sentiment': (6,), 'Import_CN': (2,), 'USD_VND': (3,)}","target:[1, 12] | US_Retail:[3], PCE:[2], US_Sentiment:[6], Import_CN:[2], USD_VND:[3]",raw_no_vmd
__ffnn_combo__,,"(1, 12)",,,aic,,,,,137.0,-521.3498708105747,"{'US_Retail': (3,), 'PCE': (2,), 'US_Sentiment': (6,), 'Import_CN': (2,), 'USD_VND': (6,)}","target:[1, 12] | US_Retail:[3], PCE:[2], US_Sentiment:[6], Import_CN:[2], USD_VND:[6]",raw_no_vmd
__ffnn_combo__,,"(1, 12)",,,aic,,,,,138.0,-521.1155164438277,"{'US_Retail': (3,), 'PCE': (2,), 'US_Sentiment': (6,), 'Import_CN': (2,), 'USD_VND': (4,)}","target:[1, 12] | US_Retail:[3], PCE:[2], US_Sentiment:[6], Import_CN:[2], USD_VND:[4]",raw_no_vmd
__ffnn_combo__,,"(1, 12)",,,aic,,,,,139.0,-519.2161446861193,"{'US_Retail': (3,), 'PCE': (2,), 'US_Sentiment': (6,), 'Import_CN': (1,), 'USD_VND': (3,)}","target:[1, 12] | US_Retail:[3], PCE:[2], US_Sentiment:[6], Import_CN:[1], USD_VND:[3]",raw_no_vmd
__ffnn_combo__,,"(1, 12)",,,aic,,,,,140.0,-519.1937915189696,"{'US_Retail': (3,), 'PCE': (2,), 'US_Sentiment': (6,), 'Import_CN': (1,), 'USD_VND': (6,)}","target:[1, 12] | US_Retail:[3], PCE:[2], US_Sentiment:[6], Import_CN:[1], USD_VND:[6]",raw_no_vmd
__ffnn_combo__,,"(1, 12)",,,aic,,,,,141.0,-518.9594371522227,"{'US_Retail': (3,), 'PCE': (2,), 'US_Sentiment': (6,), 'Import_CN': (1,), 'USD_VND': (4,)}","target:[1, 12] | US_Retail:[3], PCE:[2], US_Sentiment:[6], Import_CN:[1], USD_VND:[4]",raw_no_vmd
__ffnn_combo__,,"(1, 12)",,,aic,,,,,142.0,-518.4408144615684,"{'US_Retail': (3,), 'PCE': (2,), 'US_Sentiment': (6,), 'Import_CN': (3,), 'USD_VND': (3,)}","target:[1, 12] | US_Retail:[3], PCE:[2], US_Sentiment:[6], Import_CN:[3], USD_VND:[3]",raw_no_vmd
__ffnn_combo__,,"(1, 12)",,,aic,,,,,143.0,-518.4184612944189,"{'US_Retail': (3,), 'PCE': (2,), 'US_Sentiment': (6,), 'Import_CN': (3,), 'USD_VND': (6,)}","target:[1, 12] | US_Retail:[3], PCE:[2], US_Sentiment:[6], Import_CN:[3], USD_VND:[6]",raw_no_vmd
__ffnn_combo__,,"(1, 12)",,,aic,,,,,144.0,-518.1841069276719,"{'US_Retail': (3,), 'PCE': (2,), 'US_Sentiment': (6,), 'Import_CN': (3,), 'USD_VND': (4,)}","target:[1, 12] | US_Retail:[3], PCE:[2], US_Sentiment:[6], Import_CN:[3], USD_VND:[4]",raw_no_vmd
__ffnn_combo__,,"(1, 12)",,,aic,,,,,145.0,-519.4093502281937,"{'US_Retail': (3,), 'PCE': (2,), 'US_Sentiment': (5,), 'Import_CN': (2,), 'USD_VND': (3,)}","target:[1, 12] | US_Retail:[3], PCE:[2], US_Sentiment:[5], Import_CN:[2], USD_VND:[3]",raw_no_vmd
__ffnn_combo__,,"(1, 12)",,,aic,,,,,146.0,-519.3869970610441,"{'US_Retail': (3,), 'PCE': (2,), 'US_Sentiment': (5,), 'Import_CN': (2,), 'USD_VND': (6,)}","target:[1, 12] | US_Retail:[3], PCE:[2], US_Sentiment:[5], Import_CN:[2], USD_VND:[6]",raw_no_vmd
__ffnn_combo__,,"(1, 12)",,,aic,,,,,147.0,-519.1526426942971,"{'US_Retail': (3,), 'PCE': (2,), 'US_Sentiment': (5,), 'Import_CN': (2,), 'USD_VND': (4,)}","target:[1, 12] | US_Retail:[3], PCE:[2], US_Sentiment:[5], Import_CN:[2], USD_VND:[4]",raw_no_vmd
__ffnn_combo__,,"(1, 12)",,,aic,,,,,148.0,-517.2532709365887,"{'US_Retail': (3,), 'PCE': (2,), 'US_Sentiment': (5,), 'Import_CN': (1,), 'USD_VND': (3,)}","target:[1, 12] | US_Retail:[3], PCE:[2], US_Sentiment:[5], Import_CN:[1], USD_VND:[3]",raw_no_vmd
__ffnn_combo__,,"(1, 12)",,,aic,,,,,149.0,-517.2309177694391,"{'US_Retail': (3,), 'PCE': (2,), 'US_Sentiment': (5,), 'Import_CN': (1,), 'USD_VND': (6,)}","target:[1, 12] | US_Retail:[3], PCE:[2], US_Sentiment:[5], Import_CN:[1], USD_VND:[6]",raw_no_vmd
__ffnn_combo__,,"(1, 12)",,,aic,,,,,150.0,-516.9965634026921,"{'US_Retail': (3,), 'PCE': (2,), 'US_Sentiment': (5,), 'Import_CN': (1,), 'USD_VND': (4,)}","target:[1, 12] | US_Retail:[3], PCE:[2], US_Sentiment:[5], Import_CN:[1], USD_VND:[4]",raw_no_vmd
__ffnn_combo__,,"(1, 12)",,,aic,,,,,151.0,-516.4779407120378,"{'US_Retail': (3,), 'PCE': (2,), 'US_Sentiment': (5,), 'Import_CN': (3,), 'USD_VND': (3,)}","target:[1, 12] | US_Retail:[3], PCE:[2], US_Sentiment:[5], Import_CN:[3], USD_VND:[3]",raw_no_vmd
__ffnn_combo__,,"(1, 12)",,,aic,,,,,152.0,-516.4555875448882,"{'US_Retail': (3,), 'PCE': (2,), 'US_Sentiment': (5,), 'Import_CN': (3,), 'USD_VND': (6,)}","target:[1, 12] | US_Retail:[3], PCE:[2], US_Sentiment:[5], Import_CN:[3], USD_VND:[6]",raw_no_vmd
__ffnn_combo__,,"(1, 12)",,,aic,,,,,153.0,-516.2212331781413,"{'US_Retail': (3,), 'PCE': (2,), 'US_Sentiment': (5,), 'Import_CN': (3,), 'USD_VND': (4,)}","target:[1, 12] | US_Retail:[3], PCE:[2], US_Sentiment:[5], Import_CN:[3], USD_VND:[4]",raw_no_vmd
__ffnn_combo__,,"(1, 12)",,,aic,,,,,154.0,-518.81839574472,"{'US_Retail': (3,), 'PCE': (2,), 'US_Sentiment': (3,), 'Import_CN': (2,), 'USD_VND': (3,)}","target:[1, 12] | US_Retail:[3], PCE:[2], US_Sentiment:[3], Import_CN:[2], USD_VND:[3]",raw_no_vmd
__ffnn_combo__,,"(1, 12)",,,aic,,,,,155.0,-518.7960425775705,"{'US_Retail': (3,), 'PCE': (2,), 'US_Sentiment': (3,), 'Import_CN': (2,), 'USD_VND': (6,)}","target:[1, 12] | US_Retail:[3], PCE:[2], US_Sentiment:[3], Import_CN:[2], USD_VND:[6]",raw_no_vmd
__ffnn_combo__,,"(1, 12)",,,aic,,,,,156.0,-518.5616882108235,"{'US_Retail': (3,), 'PCE': (2,), 'US_Sentiment': (3,), 'Import_CN': (2,), 'USD_VND': (4,)}","target:[1, 12] | US_Retail:[3], PCE:[2], US_Sentiment:[3], Import_CN:[2], USD_VND:[4]",raw_no_vmd
__ffnn_combo__,,"(1, 12)",,,aic,,,,,157.0,-516.662316453115,"{'US_Retail': (3,), 'PCE': (2,), 'US_Sentiment': (3,), 'Import_CN': (1,), 'USD_VND': (3,)}","target:[1, 12] | US_Retail:[3], PCE:[2], US_Sentiment:[3], Import_CN:[1], USD_VND:[3]",raw_no_vmd
__ffnn_combo__,,"(1, 12)",,,aic,,,,,158.0,-516.6399632859655,"{'US_Retail': (3,), 'PCE': (2,), 'US_Sentiment': (3,), 'Import_CN': (1,), 'USD_VND': (6,)}","target:[1, 12] | US_Retail:[3], PCE:[2], US_Sentiment:[3], Import_CN:[1], USD_VND:[6]",raw_no_vmd
__ffnn_combo__,,"(1, 12)",,,aic,,,,,159.0,-516.4056089192185,"{'US_Retail': (3,), 'PCE': (2,), 'US_Sentiment': (3,), 'Import_CN': (1,), 'USD_VND': (4,)}","target:[1, 12] | US_Retail:[3], PCE:[2], US_Sentiment:[3], Import_CN:[1], USD_VND:[4]",raw_no_vmd
__ffnn_combo__,,"(1, 12)",,,aic,,,,,160.0,-515.8869862285642,"{'US_Retail': (3,), 'PCE': (2,), 'US_Sentiment': (3,), 'Import_CN': (3,), 'USD_VND': (3,)}","target:[1, 12] | US_Retail:[3], PCE:[2], US_Sentiment:[3], Import_CN:[3], USD_VND:[3]",raw_no_vmd
__ffnn_combo__,,"(1, 12)",,,aic,,,,,161.0,-515.8646330614146,"{'US_Retail': (3,), 'PCE': (2,), 'US_Sentiment': (3,), 'Import_CN': (3,), 'USD_VND': (6,)}","target:[1, 12] | US_Retail:[3], PCE:[2], US_Sentiment:[3], Import_CN:[3], USD_VND:[6]",raw_no_vmd
__ffnn_combo__,,"(1, 12)",,,aic,,,,,162.0,-515.6302786946676,"{'US_Retail': (3,), 'PCE': (2,), 'US_Sentiment': (3,), 'Import_CN': (3,), 'USD_VND': (4,)}","target:[1, 12] | US_Retail:[3], PCE:[2], US_Sentiment:[3], Import_CN:[3], USD_VND:[4]",raw_no_vmd
__ffnn_combo__,,"(1, 12)",,,aic,,,,,163.0,-523.652669307659,"{'US_Retail': (6,), 'PCE': (1,), 'US_Sentiment': (6,), 'Import_CN': (2,), 'USD_VND': (3,)}","target:[1, 12] | US_Retail:[6], PCE:[1], US_Sentiment:[6], Import_CN:[2], USD_VND:[3]",raw_no_vmd
__ffnn_combo__,,"(1, 12)",,,aic,,,,,164.0,-523.6303161405095,"{'US_Retail': (6,), 'PCE': (1,), 'US_Sentiment': (6,), 'Import_CN': (2,), 'USD_VND': (6,)}","target:[1, 12] | US_Retail:[6], PCE:[1], US_Sentiment:[6], Import_CN:[2], USD_VND:[6]",raw_no_vmd
__ffnn_combo__,,"(1, 12)",,,aic,,,,,165.0,-523.3959617737626,"{'US_Retail': (6,), 'PCE': (1,), 'US_Sentiment': (6,), 'Import_CN': (2,), 'USD_VND': (4,)}","target:[1, 12] | US_Retail:[6], PCE:[1], US_Sentiment:[6], Import_CN:[2], USD_VND:[4]",raw_no_vmd
__ffnn_combo__,,"(1, 12)",,,aic,,,,,166.0,-521.496590016054,"{'US_Retail': (6,), 'PCE': (1,), 'US_Sentiment': (6,), 'Import_CN': (1,), 'USD_VND': (3,)}","target:[1, 12] | US_Retail:[6], PCE:[1], US_Sentiment:[6], Import_CN:[1], USD_VND:[3]",raw_no_vmd
__ffnn_combo__,,"(1, 12)",,,aic,,,,,167.0,-521.4742368489045,"{'US_Retail': (6,), 'PCE': (1,), 'US_Sentiment': (6,), 'Import_CN': (1,), 'USD_VND': (6,)}","target:[1, 12] | US_Retail:[6], PCE:[1], US_Sentiment:[6], Import_CN:[1], USD_VND:[6]",raw_no_vmd
__ffnn_combo__,,"(1, 12)",,,aic,,,,,168.0,-521.2398824821576,"{'US_Retail': (6,), 'PCE': (1,), 'US_Sentiment': (6,), 'Import_CN': (1,), 'USD_VND': (4,)}","target:[1, 12] | US_Retail:[6], PCE:[1], US_Sentiment:[6], Import_CN:[1], USD_VND:[4]",raw_no_vmd
__ffnn_combo__,,"(1, 12)",,,aic,,,,,169.0,-520.7212597915033,"{'US_Retail': (6,), 'PCE': (1,), 'US_Sentiment': (6,), 'Import_CN': (3,), 'USD_VND': (3,)}","target:[1, 12] | US_Retail:[6], PCE:[1], US_Sentiment:[6], Import_CN:[3], USD_VND:[3]",raw_no_vmd
__ffnn_combo__,,"(1, 12)",,,aic,,,,,170.0,-520.6989066243536,"{'US_Retail': (6,), 'PCE': (1,), 'US_Sentiment': (6,), 'Import_CN': (3,), 'USD_VND': (6,)}","target:[1, 12] | US_Retail:[6], PCE:[1], US_Sentiment:[6], Import_CN:[3], USD_VND:[6]",raw_no_vmd
__ffnn_combo__,,"(1, 12)",,,aic,,,,,171.0,-520.4645522576067,"{'US_Retail': (6,), 'PCE': (1,), 'US_Sentiment': (6,), 'Import_CN': (3,), 'USD_VND': (4,)}","target:[1, 12] | US_Retail:[6], PCE:[1], US_Sentiment:[6], Import_CN:[3], USD_VND:[4]",raw_no_vmd
__ffnn_combo__,,"(1, 12)",,,aic,,,,,172.0,-521.6897955581285,"{'US_Retail': (6,), 'PCE': (1,), 'US_Sentiment': (5,), 'Import_CN': (2,), 'USD_VND': (3,)}","target:[1, 12] | US_Retail:[6], PCE:[1], US_Sentiment:[5], Import_CN:[2], USD_VND:[3]",raw_no_vmd
__ffnn_combo__,,"(1, 12)",,,aic,,,,,173.0,-521.667442390979,"{'US_Retail': (6,), 'PCE': (1,), 'US_Sentiment': (5,), 'Import_CN': (2,), 'USD_VND': (6,)}","target:[1, 12] | US_Retail:[6], PCE:[1], US_Sentiment:[5], Import_CN:[2], USD_VND:[6]",raw_no_vmd
__ffnn_combo__,,"(1, 12)",,,aic,,,,,174.0,-521.433088024232,"{'US_Retail': (6,), 'PCE': (1,), 'US_Sentiment': (5,), 'Import_CN': (2,), 'USD_VND': (4,)}","target:[1, 12] | US_Retail:[6], PCE:[1], US_Sentiment:[5], Import_CN:[2], USD_VND:[4]",raw_no_vmd
__ffnn_combo__,,"(1, 12)",,,aic,,,,,175.0,-519.5337162665235,"{'US_Retail': (6,), 'PCE': (1,), 'US_Sentiment': (5,), 'Import_CN': (1,), 'USD_VND': (3,)}","target:[1, 12] | US_Retail:[6], PCE:[1], US_Sentiment:[5], Import_CN:[1], USD_VND:[3]",raw_no_vmd
__ffnn_combo__,,"(1, 12)",,,aic,,,,,176.0,-519.511363099374,"{'US_Retail': (6,), 'PCE': (1,), 'US_Sentiment': (5,), 'Import_CN': (1,), 'USD_VND': (6,)}","target:[1, 12] | US_Retail:[6], PCE:[1], US_Sentiment:[5], Import_CN:[1], USD_VND:[6]",raw_no_vmd
__ffnn_combo__,,"(1, 12)",,,aic,,,,,177.0,-519.277008732627,"{'US_Retail': (6,), 'PCE': (1,), 'US_Sentiment': (5,), 'Import_CN': (1,), 'USD_VND': (4,)}","target:[1, 12] | US_Retail:[6], PCE:[1], US_Sentiment:[5], Import_CN:[1], USD_VND:[4]",raw_no_vmd
__ffnn_combo__,,"(1, 12)",,,aic,,,,,178.0,-518.7583860419727,"{'US_Retail': (6,), 'PCE': (1,), 'US_Sentiment': (5,), 'Import_CN': (3,), 'USD_VND': (3,)}","target:[1, 12] | US_Retail:[6], PCE:[1], US_Sentiment:[5], Import_CN:[3], USD_VND:[3]",raw_no_vmd
__ffnn_combo__,,"(1, 12)",,,aic,,,,,179.0,-518.7360328748231,"{'US_Retail': (6,), 'PCE': (1,), 'US_Sentiment': (5,), 'Import_CN': (3,), 'USD_VND': (6,)}","target:[1, 12] | US_Retail:[6], PCE:[1], US_Sentiment:[5], Import_CN:[3], USD_VND:[6]",raw_no_vmd
__ffnn_combo__,,"(1, 12)",,,aic,,,,,180.0,-518.5016785080761,"{'US_Retail': (6,), 'PCE': (1,), 'US_Sentiment': (5,), 'Import_CN': (3,), 'USD_VND': (4,)}","target:[1, 12] | US_Retail:[6], PCE:[1], US_Sentiment:[5], Import_CN:[3], USD_VND:[4]",raw_no_vmd
__ffnn_combo__,,"(1, 12)",,,aic,,,,,181.0,-521.0988410746548,"{'US_Retail': (6,), 'PCE': (1,), 'US_Sentiment': (3,), 'Import_CN': (2,), 'USD_VND': (3,)}","target:[1, 12] | US_Retail:[6], PCE:[1], US_Sentiment:[3], Import_CN:[2], USD_VND:[3]",raw_no_vmd
__ffnn_combo__,,"(1, 12)",,,aic,,,,,182.0,-521.0764879075052,"{'US_Retail': (6,), 'PCE': (1,), 'US_Sentiment': (3,), 'Import_CN': (2,), 'USD_VND': (6,)}","target:[1, 12] | US_Retail:[6], PCE:[1], US_Sentiment:[3], Import_CN:[2], USD_VND:[6]",raw_no_vmd
__ffnn_combo__,,"(1, 12)",,,aic,,,,,183.0,-520.8421335407583,"{'US_Retail': (6,), 'PCE': (1,), 'US_Sentiment': (3,), 'Import_CN': (2,), 'USD_VND': (4,)}","target:[1, 12] | US_Retail:[6], PCE:[1], US_Sentiment:[3], Import_CN:[2], USD_VND:[4]",raw_no_vmd
__ffnn_combo__,,"(1, 12)",,,aic,,,,,184.0,-518.9427617830498,"{'US_Retail': (6,), 'PCE': (1,), 'US_Sentiment': (3,), 'Import_CN': (1,), 'USD_VND': (3,)}","target:[1, 12] | US_Retail:[6], PCE:[1], US_Sentiment:[3], Import_CN:[1], USD_VND:[3]",raw_no_vmd
__ffnn_combo__,,"(1, 12)",,,aic,,,,,185.0,-518.9204086159002,"{'US_Retail': (6,), 'PCE': (1,), 'US_Sentiment': (3,), 'Import_CN': (1,), 'USD_VND': (6,)}","target:[1, 12] | US_Retail:[6], PCE:[1], US_Sentiment:[3], Import_CN:[1], USD_VND:[6]",raw_no_vmd
__ffnn_combo__,,"(1, 12)",,,aic,,,,,186.0,-518.6860542491532,"{'US_Retail': (6,), 'PCE': (1,), 'US_Sentiment': (3,), 'Import_CN': (1,), 'USD_VND': (4,)}","target:[1, 12] | US_Retail:[6], PCE:[1], US_Sentiment:[3], Import_CN:[1], USD_VND:[4]",raw_no_vmd
__ffnn_combo__,,"(1, 12)",,,aic,,,,,187.0,-518.167431558499,"{'US_Retail': (6,), 'PCE': (1,), 'US_Sentiment': (3,), 'Import_CN': (3,), 'USD_VND': (3,)}","target:[1, 12] | US_Retail:[6], PCE:[1], US_Sentiment:[3], Import_CN:[3], USD_VND:[3]",raw_no_vmd
__ffnn_combo__,,"(1, 12)",,,aic,,,,,188.0,-518.1450783913494,"{'US_Retail': (6,), 'PCE': (1,), 'US_Sentiment': (3,), 'Import_CN': (3,), 'USD_VND': (6,)}","target:[1, 12] | US_Retail:[6], PCE:[1], US_Sentiment:[3], Import_CN:[3], USD_VND:[6]",raw_no_vmd
__ffnn_combo__,,"(1, 12)",,,aic,,,,,189.0,-517.9107240246025,"{'US_Retail': (6,), 'PCE': (1,), 'US_Sentiment': (3,), 'Import_CN': (3,), 'USD_VND': (4,)}","target:[1, 12] | US_Retail:[6], PCE:[1], US_Sentiment:[3], Import_CN:[3], USD_VND:[4]",raw_no_vmd
__ffnn_combo__,,"(1, 12)",,,aic,,,,,190.0,-522.6271393492805,"{'US_Retail': (6,), 'PCE': (3,), 'US_Sentiment': (6,), 'Import_CN': (2,), 'USD_VND': (3,)}","target:[1, 12] | US_Retail:[6], PCE:[3], US_Sentiment:[6], Import_CN:[2], USD_VND:[3]",raw_no_vmd
__ffnn_combo__,,"(1, 12)",,,aic,,,,,191.0,-522.6047861821309,"{'US_Retail': (6,), 'PCE': (3,), 'US_Sentiment': (6,), 'Import_CN': (2,), 'USD_VND': (6,)}","target:[1, 12] | US_Retail:[6], PCE:[3], US_Sentiment:[6], Import_CN:[2], USD_VND:[6]",raw_no_vmd
__ffnn_combo__,,"(1, 12)",,,aic,,,,,192.0,-522.3704318153839,"{'US_Retail': (6,), 'PCE': (3,), 'US_Sentiment': (6,), 'Import_CN': (2,), 'USD_VND': (4,)}","target:[1, 12] | US_Retail:[6], PCE:[3], US_Sentiment:[6], Import_CN:[2], USD_VND:[4]",raw_no_vmd
__ffnn_combo__,,"(1, 12)",,,aic,,,,,193.0,-520.4710600576755,"{'US_Retail': (6,), 'PCE': (3,), 'US_Sentiment': (6,), 'Import_CN': (1,), 'USD_VND': (3,)}","target:[1, 12] | US_Retail:[6], PCE:[3], US_Sentiment:[6], Import_CN:[1], USD_VND:[3]",raw_no_vmd
__ffnn_combo__,,"(1, 12)",,,aic,,,,,194.0,-520.4487068905258,"{'US_Retail': (6,), 'PCE': (3,), 'US_Sentiment': (6,), 'Import_CN': (1,), 'USD_VND': (6,)}","target:[1, 12] | US_Retail:[6], PCE:[3], US_Sentiment:[6], Import_CN:[1], USD_VND:[6]",raw_no_vmd
__ffnn_combo__,,"(1, 12)",,,aic,,,,,195.0,-520.2143525237789,"{'US_Retail': (6,), 'PCE': (3,), 'US_Sentiment': (6,), 'Import_CN': (1,), 'USD_VND': (4,)}","target:[1, 12] | US_Retail:[6], PCE:[3], US_Sentiment:[6], Import_CN:[1], USD_VND:[4]",raw_no_vmd
__ffnn_combo__,,"(1, 12)",,,aic,,,,,196.0,-519.6957298331246,"{'US_Retail': (6,), 'PCE': (3,), 'US_Sentiment': (6,), 'Import_CN': (3,), 'USD_VND': (3,)}","target:[1, 12] | US_Retail:[6], PCE:[3], US_Sentiment:[6], Import_CN:[3], USD_VND:[3]",raw_no_vmd
__ffnn_combo__,,"(1, 12)",,,aic,,,,,197.0,-519.673376665975,"{'US_Retail': (6,), 'PCE': (3,), 'US_Sentiment': (6,), 'Import_CN': (3,), 'USD_VND': (6,)}","target:[1, 12] | US_Retail:[6], PCE:[3], US_Sentiment:[6], Import_CN:[3], USD_VND:[6]",raw_no_vmd
__ffnn_combo__,,"(1, 12)",,,aic,,,,,198.0,-519.4390222992281,"{'US_Retail': (6,), 'PCE': (3,), 'US_Sentiment': (6,), 'Import_CN': (3,), 'USD_VND': (4,)}","target:[1, 12] | US_Retail:[6], PCE:[3], US_Sentiment:[6], Import_CN:[3], USD_VND:[4]",raw_no_vmd
__ffnn_combo__,,"(1, 12)",,,aic,,,,,199.0,-520.6642655997499,"{'US_Retail': (6,), 'PCE': (3,), 'US_Sentiment': (5,), 'Import_CN': (2,), 'USD_VND': (3,)}","target:[1, 12] | US_Retail:[6], PCE:[3], US_Sentiment:[5], Import_CN:[2], USD_VND:[3]",raw_no_vmd
__ffnn_combo__,,"(1, 12)",,,aic,,,,,200.0,-520.6419124326003,"{'US_Retail': (6,), 'PCE': (3,), 'US_Sentiment': (5,), 'Import_CN': (2,), 'USD_VND': (6,)}","target:[1, 12] | US_Retail:[6], PCE:[3], US_Sentiment:[5], Import_CN:[2], USD_VND:[6]",raw_no_vmd
__ffnn_combo__,,"(1, 12)",,,aic,,,,,201.0,-520.4075580658533,"{'US_Retail': (6,), 'PCE': (3,), 'US_Sentiment': (5,), 'Import_CN': (2,), 'USD_VND': (4,)}","target:[1, 12] | US_Retail:[6], PCE:[3], US_Sentiment:[5], Import_CN:[2], USD_VND:[4]",raw_no_vmd
__ffnn_combo__,,"(1, 12)",,,aic,,,,,202.0,-518.5081863081449,"{'US_Retail': (6,), 'PCE': (3,), 'US_Sentiment': (5,), 'Import_CN': (1,), 'USD_VND': (3,)}","target:[1, 12] | US_Retail:[6], PCE:[3], US_Sentiment:[5], Import_CN:[1], USD_VND:[3]",raw_no_vmd
__ffnn_combo__,,"(1, 12)",,,aic,,,,,203.0,-518.4858331409953,"{'US_Retail': (6,), 'PCE': (3,), 'US_Sentiment': (5,), 'Import_CN': (1,), 'USD_VND': (6,)}","target:[1, 12] | US_Retail:[6], PCE:[3], US_Sentiment:[5], Import_CN:[1], USD_VND:[6]",raw_no_vmd
__ffnn_combo__,,"(1, 12)",,,aic,,,,,204.0,-518.2514787742483,"{'US_Retail': (6,), 'PCE': (3,), 'US_Sentiment': (5,), 'Import_CN': (1,), 'USD_VND': (4,)}","target:[1, 12] | US_Retail:[6], PCE:[3], US_Sentiment:[5], Import_CN:[1], USD_VND:[4]",raw_no_vmd
__ffnn_combo__,,"(1, 12)",,,aic,,,,,205.0,-517.732856083594,"{'US_Retail': (6,), 'PCE': (3,), 'US_Sentiment': (5,), 'Import_CN': (3,), 'USD_VND': (3,)}","target:[1, 12] | US_Retail:[6], PCE:[3], US_Sentiment:[5], Import_CN:[3], USD_VND:[3]",raw_no_vmd
__ffnn_combo__,,"(1, 12)",,,aic,,,,,206.0,-517.7105029164445,"{'US_Retail': (6,), 'PCE': (3,), 'US_Sentiment': (5,), 'Import_CN': (3,), 'USD_VND': (6,)}","target:[1, 12] | US_Retail:[6], PCE:[3], US_Sentiment:[5], Import_CN:[3], USD_VND:[6]",raw_no_vmd
__ffnn_combo__,,"(1, 12)",,,aic,,,,,207.0,-517.4761485496975,"{'US_Retail': (6,), 'PCE': (3,), 'US_Sentiment': (5,), 'Import_CN': (3,), 'USD_VND': (4,)}","target:[1, 12] | US_Retail:[6], PCE:[3], US_Sentiment:[5], Import_CN:[3], USD_VND:[4]",raw_no_vmd
__ffnn_combo__,,"(1, 12)",,,aic,,,,,208.0,-520.0733111162762,"{'US_Retail': (6,), 'PCE': (3,), 'US_Sentiment': (3,), 'Import_CN': (2,), 'USD_VND': (3,)}","target:[1, 12] | US_Retail:[6], PCE:[3], US_Sentiment:[3], Import_CN:[2], USD_VND:[3]",raw_no_vmd
__ffnn_combo__,,"(1, 12)",,,aic,,,,,209.0,-520.0509579491267,"{'US_Retail': (6,), 'PCE': (3,), 'US_Sentiment': (3,), 'Import_CN': (2,), 'USD_VND': (6,)}","target:[1, 12] | US_Retail:[6], PCE:[3], US_Sentiment:[3], Import_CN:[2], USD_VND:[6]",raw_no_vmd
__ffnn_combo__,,"(1, 12)",,,aic,,,,,210.0,-519.8166035823797,"{'US_Retail': (6,), 'PCE': (3,), 'US_Sentiment': (3,), 'Import_CN': (2,), 'USD_VND': (4,)}","target:[1, 12] | US_Retail:[6], PCE:[3], US_Sentiment:[3], Import_CN:[2], USD_VND:[4]",raw_no_vmd
__ffnn_combo__,,"(1, 12)",,,aic,,,,,211.0,-517.9172318246711,"{'US_Retail': (6,), 'PCE': (3,), 'US_Sentiment': (3,), 'Import_CN': (1,), 'USD_VND': (3,)}","target:[1, 12] | US_Retail:[6], PCE:[3], US_Sentiment:[3], Import_CN:[1], USD_VND:[3]",raw_no_vmd
__ffnn_combo__,,"(1, 12)",,,aic,,,,,212.0,-517.8948786575216,"{'US_Retail': (6,), 'PCE': (3,), 'US_Sentiment': (3,), 'Import_CN': (1,), 'USD_VND': (6,)}","target:[1, 12] | US_Retail:[6], PCE:[3], US_Sentiment:[3], Import_CN:[1], USD_VND:[6]",raw_no_vmd
__ffnn_combo__,,"(1, 12)",,,aic,,,,,213.0,-517.6605242907747,"{'US_Retail': (6,), 'PCE': (3,), 'US_Sentiment': (3,), 'Import_CN': (1,), 'USD_VND': (4,)}","target:[1, 12] | US_Retail:[6], PCE:[3], US_Sentiment:[3], Import_CN:[1], USD_VND:[4]",raw_no_vmd
__ffnn_combo__,,"(1, 12)",,,aic,,,,,214.0,-517.1419016001204,"{'US_Retail': (6,), 'PCE': (3,), 'US_Sentiment': (3,), 'Import_CN': (3,), 'USD_VND': (3,)}","target:[1, 12] | US_Retail:[6], PCE:[3], US_Sentiment:[3], Import_CN:[3], USD_VND:[3]",raw_no_vmd
__ffnn_combo__,,"(1, 12)",,,aic,,,,,215.0,-517.1195484329708,"{'US_Retail': (6,), 'PCE': (3,), 'US_Sentiment': (3,), 'Import_CN': (3,), 'USD_VND': (6,)}","target:[1, 12] | US_Retail:[6], PCE:[3], US_Sentiment:[3], Import_CN:[3], USD_VND:[6]",raw_no_vmd
__ffnn_combo__,,"(1, 12)",,,aic,,,,,216.0,-516.8851940662238,"{'US_Retail': (6,), 'PCE': (3,), 'US_Sentiment': (3,), 'Import_CN': (3,), 'USD_VND': (4,)}","target:[1, 12] | US_Retail:[6], PCE:[3], US_Sentiment:[3], Import_CN:[3], USD_VND:[4]",raw_no_vmd
__ffnn_combo__,,"(1, 12)",,,aic,,,,,217.0,-521.1370029482164,"{'US_Retail': (6,), 'PCE': (2,), 'US_Sentiment': (6,), 'Import_CN': (2,), 'USD_VND': (3,)}","target:[1, 12] | US_Retail:[6], PCE:[2], US_Sentiment:[6], Import_CN:[2], USD_VND:[3]",raw_no_vmd
__ffnn_combo__,,"(1, 12)",,,aic,,,,,218.0,-521.1146497810669,"{'US_Retail': (6,), 'PCE': (2,), 'US_Sentiment': (6,), 'Import_CN': (2,), 'USD_VND': (6,)}","target:[1, 12] | US_Retail:[6], PCE:[2], US_Sentiment:[6], Import_CN:[2], USD_VND:[6]",raw_no_vmd
__ffnn_combo__,,"(1, 12)",,,aic,,,,,219.0,-520.8802954143199,"{'US_Retail': (6,), 'PCE': (2,), 'US_Sentiment': (6,), 'Import_CN': (2,), 'USD_VND': (4,)}","target:[1, 12] | US_Retail:[6], PCE:[2], US_Sentiment:[6], Import_CN:[2], USD_VND:[4]",raw_no_vmd
__ffnn_combo__,,"(1, 12)",,,aic,,,,,220.0,-518.9809236566114,"{'US_Retail': (6,), 'PCE': (2,), 'US_Sentiment': (6,), 'Import_CN': (1,), 'USD_VND': (3,)}","target:[1, 12] | US_Retail:[6], PCE:[2], US_Sentiment:[6], Import_CN:[1], USD_VND:[3]",raw_no_vmd
__ffnn_combo__,,"(1, 12)",,,aic,,,,,221.0,-518.9585704894619,"{'US_Retail': (6,), 'PCE': (2,), 'US_Sentiment': (6,), 'Import_CN': (1,), 'USD_VND': (6,)}","target:[1, 12] | US_Retail:[6], PCE:[2], US_Sentiment:[6], Import_CN:[1], USD_VND:[6]",raw_no_vmd
__ffnn_combo__,,"(1, 12)",,,aic,,,,,222.0,-518.7242161227149,"{'US_Retail': (6,), 'PCE': (2,), 'US_Sentiment': (6,), 'Import_CN': (1,), 'USD_VND': (4,)}","target:[1, 12] | US_Retail:[6], PCE:[2], US_Sentiment:[6], Import_CN:[1], USD_VND:[4]",raw_no_vmd
__ffnn_combo__,,"(1, 12)",,,aic,,,,,223.0,-518.2055934320606,"{'US_Retail': (6,), 'PCE': (2,), 'US_Sentiment': (6,), 'Import_CN': (3,), 'USD_VND': (3,)}","target:[1, 12] | US_Retail:[6], PCE:[2], US_Sentiment:[6], Import_CN:[3], USD_VND:[3]",raw_no_vmd
__ffnn_combo__,,"(1, 12)",,,aic,,,,,224.0,-518.183240264911,"{'US_Retail': (6,), 'PCE': (2,), 'US_Sentiment': (6,), 'Import_CN': (3,), 'USD_VND': (6,)}","target:[1, 12] | US_Retail:[6], PCE:[2], US_Sentiment:[6], Import_CN:[3], USD_VND:[6]",raw_no_vmd
__ffnn_combo__,,"(1, 12)",,,aic,,,,,225.0,-517.948885898164,"{'US_Retail': (6,), 'PCE': (2,), 'US_Sentiment': (6,), 'Import_CN': (3,), 'USD_VND': (4,)}","target:[1, 12] | US_Retail:[6], PCE:[2], US_Sentiment:[6], Import_CN:[3], USD_VND:[4]",raw_no_vmd
__ffnn_combo__,,"(1, 12)",,,aic,,,,,226.0,-519.1741291986859,"{'US_Retail': (6,), 'PCE': (2,), 'US_Sentiment': (5,), 'Import_CN': (2,), 'USD_VND': (3,)}","target:[1, 12] | US_Retail:[6], PCE:[2], US_Sentiment:[5], Import_CN:[2], USD_VND:[3]",raw_no_vmd
__ffnn_combo__,,"(1, 12)",,,aic,,,,,227.0,-519.1517760315363,"{'US_Retail': (6,), 'PCE': (2,), 'US_Sentiment': (5,), 'Import_CN': (2,), 'USD_VND': (6,)}","target:[1, 12] | US_Retail:[6], PCE:[2], US_Sentiment:[5], Import_CN:[2], USD_VND:[6]",raw_no_vmd
__ffnn_combo__,,"(1, 12)",,,aic,,,,,228.0,-518.9174216647893,"{'US_Retail': (6,), 'PCE': (2,), 'US_Sentiment': (5,), 'Import_CN': (2,), 'USD_VND': (4,)}","target:[1, 12] | US_Retail:[6], PCE:[2], US_Sentiment:[5], Import_CN:[2], USD_VND:[4]",raw_no_vmd
__ffnn_combo__,,"(1, 12)",,,aic,,,,,229.0,-517.0180499070809,"{'US_Retail': (6,), 'PCE': (2,), 'US_Sentiment': (5,), 'Import_CN': (1,), 'USD_VND': (3,)}","target:[1, 12] | US_Retail:[6], PCE:[2], US_Sentiment:[5], Import_CN:[1], USD_VND:[3]",raw_no_vmd
__ffnn_combo__,,"(1, 12)",,,aic,,,,,230.0,-516.9956967399313,"{'US_Retail': (6,), 'PCE': (2,), 'US_Sentiment': (5,), 'Import_CN': (1,), 'USD_VND': (6,)}","target:[1, 12] | US_Retail:[6], PCE:[2], US_Sentiment:[5], Import_CN:[1], USD_VND:[6]",raw_no_vmd
__ffnn_combo__,,"(1, 12)",,,aic,,,,,231.0,-516.7613423731843,"{'US_Retail': (6,), 'PCE': (2,), 'US_Sentiment': (5,), 'Import_CN': (1,), 'USD_VND': (4,)}","target:[1, 12] | US_Retail:[6], PCE:[2], US_Sentiment:[5], Import_CN:[1], USD_VND:[4]",raw_no_vmd
__ffnn_combo__,,"(1, 12)",,,aic,,,,,232.0,-516.24271968253,"{'US_Retail': (6,), 'PCE': (2,), 'US_Sentiment': (5,), 'Import_CN': (3,), 'USD_VND': (3,)}","target:[1, 12] | US_Retail:[6], PCE:[2], US_Sentiment:[5], Import_CN:[3], USD_VND:[3]",raw_no_vmd
__ffnn_combo__,,"(1, 12)",,,aic,,,,,233.0,-516.2203665153804,"{'US_Retail': (6,), 'PCE': (2,), 'US_Sentiment': (5,), 'Import_CN': (3,), 'USD_VND': (6,)}","target:[1, 12] | US_Retail:[6], PCE:[2], US_Sentiment:[5], Import_CN:[3], USD_VND:[6]",raw_no_vmd
__ffnn_combo__,,"(1, 12)",,,aic,,,,,234.0,-515.9860121486336,"{'US_Retail': (6,), 'PCE': (2,), 'US_Sentiment': (5,), 'Import_CN': (3,), 'USD_VND': (4,)}","target:[1, 12] | US_Retail:[6], PCE:[2], US_Sentiment:[5], Import_CN:[3], USD_VND:[4]",raw_no_vmd
__ffnn_combo__,,"(1, 12)",,,aic,,,,,235.0,-518.5831747152122,"{'US_Retail': (6,), 'PCE': (2,), 'US_Sentiment': (3,), 'Import_CN': (2,), 'USD_VND': (3,)}","target:[1, 12] | US_Retail:[6], PCE:[2], US_Sentiment:[3], Import_CN:[2], USD_VND:[3]",raw_no_vmd
__ffnn_combo__,,"(1, 12)",,,aic,,,,,236.0,-518.5608215480627,"{'US_Retail': (6,), 'PCE': (2,), 'US_Sentiment': (3,), 'Import_CN': (2,), 'USD_VND': (6,)}","target:[1, 12] | US_Retail:[6], PCE:[2], US_Sentiment:[3], Import_CN:[2], USD_VND:[6]",raw_no_vmd
__ffnn_combo__,,"(1, 12)",,,aic,,,,,237.0,-518.3264671813157,"{'US_Retail': (6,), 'PCE': (2,), 'US_Sentiment': (3,), 'Import_CN': (2,), 'USD_VND': (4,)}","target:[1, 12] | US_Retail:[6], PCE:[2], US_Sentiment:[3], Import_CN:[2], USD_VND:[4]",raw_no_vmd
__ffnn_combo__,,"(1, 12)",,,aic,,,,,238.0,-516.4270954236072,"{'US_Retail': (6,), 'PCE': (2,), 'US_Sentiment': (3,), 'Import_CN': (1,), 'USD_VND': (3,)}","target:[1, 12] | US_Retail:[6], PCE:[2], US_Sentiment:[3], Import_CN:[1], USD_VND:[3]",raw_no_vmd
__ffnn_combo__,,"(1, 12)",,,aic,,,,,239.0,-516.4047422564577,"{'US_Retail': (6,), 'PCE': (2,), 'US_Sentiment': (3,), 'Import_CN': (1,), 'USD_VND': (6,)}","target:[1, 12] | US_Retail:[6], PCE:[2], US_Sentiment:[3], Import_CN:[1], USD_VND:[6]",raw_no_vmd
__ffnn_combo__,,"(1, 12)",,,aic,,,,,240.0,-516.1703878897107,"{'US_Retail': (6,), 'PCE': (2,), 'US_Sentiment': (3,), 'Import_CN': (1,), 'USD_VND': (4,)}","target:[1, 12] | US_Retail:[6], PCE:[2], US_Sentiment:[3], Import_CN:[1], USD_VND:[4]",raw_no_vmd
__ffnn_combo__,,"(1, 12)",,,aic,,,,,241.0,-515.6517651990564,"{'US_Retail': (6,), 'PCE': (2,), 'US_Sentiment': (3,), 'Import_CN': (3,), 'USD_VND': (3,)}","target:[1, 12] | US_Retail:[6], PCE:[2], US_Sentiment:[3], Import_CN:[3], USD_VND:[3]",raw_no_vmd
__ffnn_combo__,,"(1, 12)",,,aic,,,,,242.0,-515.6294120319068,"{'US_Retail': (6,), 'PCE': (2,), 'US_Sentiment': (3,), 'Import_CN': (3,), 'USD_VND': (6,)}","target:[1, 12] | US_Retail:[6], PCE:[2], US_Sentiment:[3], Import_CN:[3], USD_VND:[6]",raw_no_vmd
__ffnn_combo__,,"(1, 12)",,,aic,,,,,243.0,-515.3950576651598,"{'US_Retail': (6,), 'PCE': (2,), 'US_Sentiment': (3,), 'Import_CN': (3,), 'USD_VND': (4,)}","target:[1, 12] | US_Retail:[6], PCE:[2], US_Sentiment:[3], Import_CN:[3], USD_VND:[4]",raw_no_vmd
