feature,target_lag,target_lags,target_lag_strategy,selected_ic,selected_for_target_lags,target_lag_selection_fallback,exog_lag,AIC,BIC,selected_score,nobs,rank_within_feature,selected_for_ffnn_grid,combo_rank,combo_score_sum,combo_source,lag_spec_strategy,exog_lags,lag_spec,component
__target_lag__,1.0,"(1, 12)",fixed,aic,True,False,,,,,,,,,,,,,,VMD1
__target_lag__,12.0,"(1, 12)",fixed,aic,True,False,,,,,,,,,,,,,,VMD1
broad_money,,"(1, 12)",,aic,,,1.0,-839.39824625664,-822.0159284969825,-839.39824625664,239.0,,False,,,,,,,VMD1
broad_money,,"(1, 12)",,aic,,,2.0,-839.3984911322826,-822.0161733726251,-839.3984911322826,239.0,,False,,,,,,,VMD1
broad_money,,"(1, 12)",,aic,,,3.0,-839.4172417270468,-822.0349239673892,-839.4172417270468,239.0,,False,,,,,,,VMD1
broad_money,,"(1, 12)",,aic,,,4.0,-839.458535621178,-822.0762178615205,-839.458535621178,239.0,3.0,True,,,,,,,VMD1
broad_money,,"(1, 12)",,aic,,,5.0,-839.518206485148,-822.1358887254904,-839.518206485148,239.0,2.0,True,,,,,,,VMD1
broad_money,,"(1, 12)",,aic,,,6.0,-839.5807737834779,-822.1984560238203,-839.5807737834779,239.0,1.0,True,,,,,,,VMD1
ppi_qoq,,"(1, 12)",,aic,,,1.0,-839.220681405862,-821.8383636462045,-839.220681405862,239.0,1.0,True,,,,,,,VMD1
ppi_qoq,,"(1, 12)",,aic,,,2.0,-839.220681405862,-821.8383636462045,-839.220681405862,239.0,2.0,True,,,,,,,VMD1
ppi_qoq,,"(1, 12)",,aic,,,3.0,-839.220681405862,-821.8383636462045,-839.220681405862,239.0,3.0,True,,,,,,,VMD1
ppi_qoq,,"(1, 12)",,aic,,,4.0,-839.220681405862,-821.8383636462045,-839.220681405862,239.0,,False,,,,,,,VMD1
ppi_qoq,,"(1, 12)",,aic,,,5.0,-839.220681405862,-821.8383636462045,-839.220681405862,239.0,,False,,,,,,,VMD1
ppi_qoq,,"(1, 12)",,aic,,,6.0,-839.220681405862,-821.8383636462045,-839.220681405862,239.0,,False,,,,,,,VMD1
wti,,"(1, 12)",,aic,,,1.0,-839.668140420284,-822.2858226606264,-839.668140420284,239.0,,False,,,,,,,VMD1
wti,,"(1, 12)",,aic,,,2.0,-839.6944399724111,-822.3121222127536,-839.6944399724111,239.0,,False,,,,,,,VMD1
wti,,"(1, 12)",,aic,,,3.0,-839.7414559209785,-822.359138161321,-839.7414559209785,239.0,,False,,,,,,,VMD1
wti,,"(1, 12)",,aic,,,4.0,-839.7962007392551,-822.4138829795976,-839.7962007392551,239.0,3.0,True,,,,,,,VMD1
wti,,"(1, 12)",,aic,,,5.0,-839.8399726781337,-822.4576549184761,-839.8399726781337,239.0,2.0,True,,,,,,,VMD1
wti,,"(1, 12)",,aic,,,6.0,-839.8578120707369,-822.4754943110794,-839.8578120707369,239.0,1.0,True,,,,,,,VMD1
gold,,"(1, 12)",,aic,,,1.0,-839.3159845254272,-821.9336667657697,-839.3159845254272,239.0,,False,,,,,,,VMD1
gold,,"(1, 12)",,aic,,,2.0,-839.3200846766498,-821.9377669169922,-839.3200846766498,239.0,,False,,,,,,,VMD1
gold,,"(1, 12)",,aic,,,3.0,-839.329378797002,-821.9470610373445,-839.329378797002,239.0,,False,,,,,,,VMD1
gold,,"(1, 12)",,aic,,,4.0,-839.3436840043411,-821.9613662446835,-839.3436840043411,239.0,3.0,True,,,,,,,VMD1
gold,,"(1, 12)",,aic,,,5.0,-839.3616352603357,-821.9793175006781,-839.3616352603357,239.0,2.0,True,,,,,,,VMD1
gold,,"(1, 12)",,aic,,,6.0,-839.3806413184257,-821.9983235587681,-839.3806413184257,239.0,1.0,True,,,,,,,VMD1
policy_rate,,"(1, 12)",,aic,,,1.0,-839.6727307522142,-822.2904129925566,-839.6727307522142,239.0,1.0,True,,,,,,,VMD1
policy_rate,,"(1, 12)",,aic,,,2.0,-839.6381475657769,-822.2558298061193,-839.6381475657769,239.0,2.0,True,,,,,,,VMD1
policy_rate,,"(1, 12)",,aic,,,3.0,-839.6060487404444,-822.2237309807869,-839.6060487404444,239.0,,False,,,,,,,VMD1
policy_rate,,"(1, 12)",,aic,,,4.0,-839.5882122711469,-822.2058945114893,-839.5882122711469,239.0,,False,,,,,,,VMD1
policy_rate,,"(1, 12)",,aic,,,5.0,-839.5906010805624,-822.2082833209048,-839.5906010805624,239.0,,False,,,,,,,VMD1
policy_rate,,"(1, 12)",,aic,,,6.0,-839.6139583974912,-822.2316406378336,-839.6139583974912,239.0,3.0,True,,,,,,,VMD1
VNINDEX,,"(1, 12)",,aic,,,1.0,-840.1569938046362,-822.7746760449786,-840.1569938046362,239.0,,False,,,,,,,VMD1
VNINDEX,,"(1, 12)",,aic,,,2.0,-840.1784538745269,-822.7961361148693,-840.1784538745269,239.0,,False,,,,,,,VMD1
VNINDEX,,"(1, 12)",,aic,,,3.0,-840.1891768193422,-822.8068590596846,-840.1891768193422,239.0,1.0,True,,,,,,,VMD1
VNINDEX,,"(1, 12)",,aic,,,4.0,-840.1885416652696,-822.806223905612,-840.1885416652696,239.0,2.0,True,,,,,,,VMD1
VNINDEX,,"(1, 12)",,aic,,,5.0,-840.180358970876,-822.7980412112184,-840.180358970876,239.0,3.0,True,,,,,,,VMD1
VNINDEX,,"(1, 12)",,aic,,,6.0,-840.170247206571,-822.7879294469135,-840.170247206571,239.0,,False,,,,,,,VMD1
NIKKEI225,,"(1, 12)",,aic,,,1.0,-839.6552985492718,-822.2729807896143,-839.6552985492718,239.0,3.0,True,,,,,,,VMD1
NIKKEI225,,"(1, 12)",,aic,,,2.0,-839.6314857358334,-822.2491679761758,-839.6314857358334,239.0,,False,,,,,,,VMD1
NIKKEI225,,"(1, 12)",,aic,,,3.0,-839.6249963154985,-822.2426785558409,-839.6249963154985,239.0,,False,,,,,,,VMD1
NIKKEI225,,"(1, 12)",,aic,,,4.0,-839.6450254798889,-822.2627077202313,-839.6450254798889,239.0,,False,,,,,,,VMD1
NIKKEI225,,"(1, 12)",,aic,,,5.0,-839.6961496654128,-822.3138319057553,-839.6961496654128,239.0,2.0,True,,,,,,,VMD1
NIKKEI225,,"(1, 12)",,aic,,,6.0,-839.7749870642074,-822.3926693045498,-839.7749870642074,239.0,1.0,True,,,,,,,VMD1
USDVND,,"(1, 12)",,aic,,,1.0,-839.6534912346142,-822.2711734749566,-839.6534912346142,239.0,,False,,,,,,,VMD1
USDVND,,"(1, 12)",,aic,,,2.0,-839.6909422113927,-822.3086244517351,-839.6909422113927,239.0,,False,,,,,,,VMD1
USDVND,,"(1, 12)",,aic,,,3.0,-839.7335379515002,-822.3512201918427,-839.7335379515002,239.0,,False,,,,,,,VMD1
USDVND,,"(1, 12)",,aic,,,4.0,-839.7803212816659,-822.3980035220084,-839.7803212816659,239.0,3.0,True,,,,,,,VMD1
USDVND,,"(1, 12)",,aic,,,5.0,-839.8282349924141,-822.4459172327565,-839.8282349924141,239.0,2.0,True,,,,,,,VMD1
USDVND,,"(1, 12)",,aic,,,6.0,-839.8730950621236,-822.4907773024661,-839.8730950621236,239.0,1.0,True,,,,,,,VMD1
__ffnn_combo__,,"(1, 12)",,aic,,,,,,,,,,1.0,-6717.54989827639,baseline_rank1,staged,"{'broad_money': (6,), 'ppi_qoq': (1,), 'wti': (6,), 'gold': (6,), 'policy_rate': (1,), 'VNINDEX': (3,), 'NIKKEI225': (6,), 'USDVND': (6,)}","target:[1, 12] | broad_money:[6], ppi_qoq:[1], wti:[6], gold:[6], policy_rate:[1], VNINDEX:[3], NIKKEI225:[6], USDVND:[6]",VMD1
__ffnn_combo__,,"(1, 12)",,aic,,,,,,,,,,2.0,-6717.54989827639,one_feature_perturbation,staged,"{'broad_money': (6,), 'ppi_qoq': (2,), 'wti': (6,), 'gold': (6,), 'policy_rate': (1,), 'VNINDEX': (3,), 'NIKKEI225': (6,), 'USDVND': (6,)}","target:[1, 12] | broad_money:[6], ppi_qoq:[2], wti:[6], gold:[6], policy_rate:[1], VNINDEX:[3], NIKKEI225:[6], USDVND:[6]",VMD1
__ffnn_combo__,,"(1, 12)",,aic,,,,,,,,,,3.0,-6717.54989827639,one_feature_perturbation,staged,"{'broad_money': (6,), 'ppi_qoq': (3,), 'wti': (6,), 'gold': (6,), 'policy_rate': (1,), 'VNINDEX': (3,), 'NIKKEI225': (6,), 'USDVND': (6,)}","target:[1, 12] | broad_money:[6], ppi_qoq:[3], wti:[6], gold:[6], policy_rate:[1], VNINDEX:[3], NIKKEI225:[6], USDVND:[6]",VMD1
__ffnn_combo__,,"(1, 12)",,aic,,,,,,,,,,4.0,-6717.549263122317,one_feature_perturbation,staged,"{'broad_money': (6,), 'ppi_qoq': (1,), 'wti': (6,), 'gold': (6,), 'policy_rate': (1,), 'VNINDEX': (4,), 'NIKKEI225': (6,), 'USDVND': (6,)}","target:[1, 12] | broad_money:[6], ppi_qoq:[1], wti:[6], gold:[6], policy_rate:[1], VNINDEX:[4], NIKKEI225:[6], USDVND:[6]",VMD1
__ffnn_combo__,,"(1, 12)",,aic,,,,,,,,,,5.0,-6717.541080427924,one_feature_perturbation,staged,"{'broad_money': (6,), 'ppi_qoq': (1,), 'wti': (6,), 'gold': (6,), 'policy_rate': (1,), 'VNINDEX': (5,), 'NIKKEI225': (6,), 'USDVND': (6,)}","target:[1, 12] | broad_money:[6], ppi_qoq:[1], wti:[6], gold:[6], policy_rate:[1], VNINDEX:[5], NIKKEI225:[6], USDVND:[6]",VMD1
__ffnn_combo__,,"(1, 12)",,aic,,,,,,,,,,6.0,-6717.532058883787,one_feature_perturbation,staged,"{'broad_money': (6,), 'ppi_qoq': (1,), 'wti': (5,), 'gold': (6,), 'policy_rate': (1,), 'VNINDEX': (3,), 'NIKKEI225': (6,), 'USDVND': (6,)}","target:[1, 12] | broad_money:[6], ppi_qoq:[1], wti:[5], gold:[6], policy_rate:[1], VNINDEX:[3], NIKKEI225:[6], USDVND:[6]",VMD1
__ffnn_combo__,,"(1, 12)",,aic,,,,,,,,,,7.0,-6717.530892218299,one_feature_perturbation,staged,"{'broad_money': (6,), 'ppi_qoq': (1,), 'wti': (6,), 'gold': (5,), 'policy_rate': (1,), 'VNINDEX': (3,), 'NIKKEI225': (6,), 'USDVND': (6,)}","target:[1, 12] | broad_money:[6], ppi_qoq:[1], wti:[6], gold:[5], policy_rate:[1], VNINDEX:[3], NIKKEI225:[6], USDVND:[6]",VMD1
__ffnn_combo__,,"(1, 12)",,aic,,,,,,,,,,8.0,-6717.515315089952,one_feature_perturbation,staged,"{'broad_money': (6,), 'ppi_qoq': (1,), 'wti': (6,), 'gold': (6,), 'policy_rate': (2,), 'VNINDEX': (3,), 'NIKKEI225': (6,), 'USDVND': (6,)}","target:[1, 12] | broad_money:[6], ppi_qoq:[1], wti:[6], gold:[6], policy_rate:[2], VNINDEX:[3], NIKKEI225:[6], USDVND:[6]",VMD1
__ffnn_combo__,,"(1, 12)",,aic,,,,,,,,,,9.0,-6717.512940962305,one_feature_perturbation,staged,"{'broad_money': (6,), 'ppi_qoq': (1,), 'wti': (6,), 'gold': (4,), 'policy_rate': (1,), 'VNINDEX': (3,), 'NIKKEI225': (6,), 'USDVND': (6,)}","target:[1, 12] | broad_money:[6], ppi_qoq:[1], wti:[6], gold:[4], policy_rate:[1], VNINDEX:[3], NIKKEI225:[6], USDVND:[6]",VMD1
__ffnn_combo__,,"(1, 12)",,aic,,,,,,,,,,10.0,-6717.50503820668,one_feature_perturbation,staged,"{'broad_money': (6,), 'ppi_qoq': (1,), 'wti': (6,), 'gold': (6,), 'policy_rate': (1,), 'VNINDEX': (3,), 'NIKKEI225': (6,), 'USDVND': (5,)}","target:[1, 12] | broad_money:[6], ppi_qoq:[1], wti:[6], gold:[6], policy_rate:[1], VNINDEX:[3], NIKKEI225:[6], USDVND:[5]",VMD1
__ffnn_combo__,,"(1, 12)",,aic,,,,,,,,,,11.0,-6717.491125921667,one_feature_perturbation,staged,"{'broad_money': (6,), 'ppi_qoq': (1,), 'wti': (6,), 'gold': (6,), 'policy_rate': (6,), 'VNINDEX': (3,), 'NIKKEI225': (6,), 'USDVND': (6,)}","target:[1, 12] | broad_money:[6], ppi_qoq:[1], wti:[6], gold:[6], policy_rate:[6], VNINDEX:[3], NIKKEI225:[6], USDVND:[6]",VMD1
__ffnn_combo__,,"(1, 12)",,aic,,,,,,,,,,12.0,-6717.488286944908,one_feature_perturbation,staged,"{'broad_money': (6,), 'ppi_qoq': (1,), 'wti': (4,), 'gold': (6,), 'policy_rate': (1,), 'VNINDEX': (3,), 'NIKKEI225': (6,), 'USDVND': (6,)}","target:[1, 12] | broad_money:[6], ppi_qoq:[1], wti:[4], gold:[6], policy_rate:[1], VNINDEX:[3], NIKKEI225:[6], USDVND:[6]",VMD1
__ffnn_combo__,,"(1, 12)",,aic,,,,,,,,,,13.0,-6717.48733097806,one_feature_perturbation,staged,"{'broad_money': (5,), 'ppi_qoq': (1,), 'wti': (6,), 'gold': (6,), 'policy_rate': (1,), 'VNINDEX': (3,), 'NIKKEI225': (6,), 'USDVND': (6,)}","target:[1, 12] | broad_money:[5], ppi_qoq:[1], wti:[6], gold:[6], policy_rate:[1], VNINDEX:[3], NIKKEI225:[6], USDVND:[6]",VMD1
__ffnn_combo__,,"(1, 12)",,aic,,,,,,,,,,14.0,-6717.471060877595,one_feature_perturbation,staged,"{'broad_money': (6,), 'ppi_qoq': (1,), 'wti': (6,), 'gold': (6,), 'policy_rate': (1,), 'VNINDEX': (3,), 'NIKKEI225': (5,), 'USDVND': (6,)}","target:[1, 12] | broad_money:[6], ppi_qoq:[1], wti:[6], gold:[6], policy_rate:[1], VNINDEX:[3], NIKKEI225:[5], USDVND:[6]",VMD1
__ffnn_combo__,,"(1, 12)",,aic,,,,,,,,,,15.0,-6717.4571244959325,one_feature_perturbation,staged,"{'broad_money': (6,), 'ppi_qoq': (1,), 'wti': (6,), 'gold': (6,), 'policy_rate': (1,), 'VNINDEX': (3,), 'NIKKEI225': (6,), 'USDVND': (4,)}","target:[1, 12] | broad_money:[6], ppi_qoq:[1], wti:[6], gold:[6], policy_rate:[1], VNINDEX:[3], NIKKEI225:[6], USDVND:[4]",VMD1
__ffnn_combo__,,"(1, 12)",,aic,,,,,,,,,,16.0,-6717.4302097614545,one_feature_perturbation,staged,"{'broad_money': (6,), 'ppi_qoq': (1,), 'wti': (6,), 'gold': (6,), 'policy_rate': (1,), 'VNINDEX': (3,), 'NIKKEI225': (1,), 'USDVND': (6,)}","target:[1, 12] | broad_money:[6], ppi_qoq:[1], wti:[6], gold:[6], policy_rate:[1], VNINDEX:[3], NIKKEI225:[1], USDVND:[6]",VMD1
__target_lag__,1.0,"(1, 12)",fixed,aic,True,False,,,,,,,,,,,,,,VMD2
__target_lag__,12.0,"(1, 12)",fixed,aic,True,False,,,,,,,,,,,,,,VMD2
broad_money,,"(1, 12)",,aic,,,1.0,-701.0968805449029,-683.7145627852453,-701.0968805449029,239.0,,False,,,,,,,VMD2
broad_money,,"(1, 12)",,aic,,,2.0,-701.0949082952066,-683.712590535549,-701.0949082952066,239.0,,False,,,,,,,VMD2
broad_money,,"(1, 12)",,aic,,,3.0,-701.0963285309952,-683.7140107713376,-701.0963285309952,239.0,,False,,,,,,,VMD2
broad_money,,"(1, 12)",,aic,,,4.0,-701.0982755700558,-683.7159578103982,-701.0982755700558,239.0,3.0,True,,,,,,,VMD2
broad_money,,"(1, 12)",,aic,,,5.0,-701.0987298967193,-683.7164121370618,-701.0987298967193,239.0,2.0,True,,,,,,,VMD2
broad_money,,"(1, 12)",,aic,,,6.0,-701.0989936391147,-683.7166758794572,-701.0989936391147,239.0,1.0,True,,,,,,,VMD2
ppi_qoq,,"(1, 12)",,aic,,,1.0,-701.0949075588727,-683.7125897992152,-701.0949075588727,239.0,1.0,True,,,,,,,VMD2
ppi_qoq,,"(1, 12)",,aic,,,2.0,-701.0949075588727,-683.7125897992152,-701.0949075588727,239.0,2.0,True,,,,,,,VMD2
ppi_qoq,,"(1, 12)",,aic,,,3.0,-701.0949075588727,-683.7125897992152,-701.0949075588727,239.0,3.0,True,,,,,,,VMD2
ppi_qoq,,"(1, 12)",,aic,,,4.0,-701.0949075588727,-683.7125897992152,-701.0949075588727,239.0,,False,,,,,,,VMD2
ppi_qoq,,"(1, 12)",,aic,,,5.0,-701.0949075588727,-683.7125897992152,-701.0949075588727,239.0,,False,,,,,,,VMD2
ppi_qoq,,"(1, 12)",,aic,,,6.0,-701.0949075588727,-683.7125897992152,-701.0949075588727,239.0,,False,,,,,,,VMD2
wti,,"(1, 12)",,aic,,,1.0,-701.1413926456183,-683.7590748859608,-701.1413926456183,239.0,1.0,True,,,,,,,VMD2
wti,,"(1, 12)",,aic,,,2.0,-701.1345571288174,-683.7522393691598,-701.1345571288174,239.0,2.0,True,,,,,,,VMD2
wti,,"(1, 12)",,aic,,,3.0,-701.1174642455403,-683.7351464858828,-701.1174642455403,239.0,3.0,True,,,,,,,VMD2
wti,,"(1, 12)",,aic,,,4.0,-701.1043296851892,-683.7220119255317,-701.1043296851892,239.0,,False,,,,,,,VMD2
wti,,"(1, 12)",,aic,,,5.0,-701.0990294693004,-683.7167117096428,-701.0990294693004,239.0,,False,,,,,,,VMD2
wti,,"(1, 12)",,aic,,,6.0,-701.0972569287871,-683.7149391691296,-701.0972569287871,239.0,,False,,,,,,,VMD2
gold,,"(1, 12)",,aic,,,1.0,-720.3620338004855,-702.979716040828,-720.3620338004855,239.0,1.0,True,,,,,,,VMD2
gold,,"(1, 12)",,aic,,,2.0,-701.726273524726,-684.3439557650685,-701.726273524726,239.0,,False,,,,,,,VMD2
gold,,"(1, 12)",,aic,,,3.0,-714.3013120113311,-696.9189942516736,-714.3013120113311,239.0,,False,,,,,,,VMD2
gold,,"(1, 12)",,aic,,,4.0,-715.5752251250698,-698.1929073654122,-715.5752251250698,239.0,3.0,True,,,,,,,VMD2
gold,,"(1, 12)",,aic,,,5.0,-701.1390921305137,-683.7567743708562,-701.1390921305137,239.0,,False,,,,,,,VMD2
gold,,"(1, 12)",,aic,,,6.0,-716.2302396187324,-698.8479218590749,-716.2302396187324,239.0,2.0,True,,,,,,,VMD2
policy_rate,,"(1, 12)",,aic,,,1.0,-701.1102709801222,-683.7279532204647,-701.1102709801222,239.0,1.0,True,,,,,,,VMD2
policy_rate,,"(1, 12)",,aic,,,2.0,-701.105794830389,-683.7234770707314,-701.105794830389,239.0,2.0,True,,,,,,,VMD2
policy_rate,,"(1, 12)",,aic,,,3.0,-701.1023597912248,-683.7200420315672,-701.1023597912248,239.0,3.0,True,,,,,,,VMD2
policy_rate,,"(1, 12)",,aic,,,4.0,-701.1007382335183,-683.7184204738608,-701.1007382335183,239.0,,False,,,,,,,VMD2
policy_rate,,"(1, 12)",,aic,,,5.0,-701.099192636352,-683.7168748766944,-701.099192636352,239.0,,False,,,,,,,VMD2
policy_rate,,"(1, 12)",,aic,,,6.0,-701.0969083110467,-683.7145905513892,-701.0969083110467,239.0,,False,,,,,,,VMD2
VNINDEX,,"(1, 12)",,aic,,,1.0,-701.0996786635261,-683.7173609038686,-701.0996786635261,239.0,,False,,,,,,,VMD2
VNINDEX,,"(1, 12)",,aic,,,2.0,-701.1800143639912,-683.7976966043336,-701.1800143639912,239.0,2.0,True,,,,,,,VMD2
VNINDEX,,"(1, 12)",,aic,,,3.0,-701.2566685321386,-683.8743507724811,-701.2566685321386,239.0,1.0,True,,,,,,,VMD2
VNINDEX,,"(1, 12)",,aic,,,4.0,-701.1783767776235,-683.796059017966,-701.1783767776235,239.0,3.0,True,,,,,,,VMD2
VNINDEX,,"(1, 12)",,aic,,,5.0,-701.0950069234398,-683.7126891637822,-701.0950069234398,239.0,,False,,,,,,,VMD2
VNINDEX,,"(1, 12)",,aic,,,6.0,-701.1585365848173,-683.7762188251597,-701.1585365848173,239.0,,False,,,,,,,VMD2
NIKKEI225,,"(1, 12)",,aic,,,1.0,-701.0974896225151,-683.7151718628576,-701.0974896225151,239.0,,False,,,,,,,VMD2
NIKKEI225,,"(1, 12)",,aic,,,2.0,-701.0949161967726,-683.712598437115,-701.0949161967726,239.0,,False,,,,,,,VMD2
NIKKEI225,,"(1, 12)",,aic,,,3.0,-701.0970637395327,-683.7147459798751,-701.0970637395327,239.0,,False,,,,,,,VMD2
NIKKEI225,,"(1, 12)",,aic,,,4.0,-701.099912851858,-683.7175950922004,-701.099912851858,239.0,1.0,True,,,,,,,VMD2
NIKKEI225,,"(1, 12)",,aic,,,5.0,-701.0988235946178,-683.7165058349602,-701.0988235946178,239.0,2.0,True,,,,,,,VMD2
NIKKEI225,,"(1, 12)",,aic,,,6.0,-701.0985363893174,-683.7162186296598,-701.0985363893174,239.0,3.0,True,,,,,,,VMD2
USDVND,,"(1, 12)",,aic,,,1.0,-701.0950060473227,-683.7126882876652,-701.0950060473227,239.0,3.0,True,,,,,,,VMD2
USDVND,,"(1, 12)",,aic,,,2.0,-701.0949087216406,-683.7125909619831,-701.0949087216406,239.0,,False,,,,,,,VMD2
USDVND,,"(1, 12)",,aic,,,3.0,-701.0950424360071,-683.7127246763496,-701.0950424360071,239.0,2.0,True,,,,,,,VMD2
USDVND,,"(1, 12)",,aic,,,4.0,-701.0950453608614,-683.7127276012038,-701.0950453608614,239.0,1.0,True,,,,,,,VMD2
USDVND,,"(1, 12)",,aic,,,5.0,-701.0949320187885,-683.712614259131,-701.0949320187885,239.0,,False,,,,,,,VMD2
USDVND,,"(1, 12)",,aic,,,6.0,-701.0949076419308,-683.7125898822733,-701.0949076419308,239.0,,False,,,,,,,VMD2
__ffnn_combo__,,"(1, 12)",,aic,,,,,,,,,,1.0,-5628.259225369072,baseline_rank1,staged,"{'broad_money': (6,), 'ppi_qoq': (1,), 'wti': (1,), 'gold': (1,), 'policy_rate': (1,), 'VNINDEX': (3,), 'NIKKEI225': (4,), 'USDVND': (4,)}","target:[1, 12] | broad_money:[6], ppi_qoq:[1], wti:[1], gold:[1], policy_rate:[1], VNINDEX:[3], NIKKEI225:[4], USDVND:[4]",VMD2
__ffnn_combo__,,"(1, 12)",,aic,,,,,,,,,,2.0,-5628.259225369072,one_feature_perturbation,staged,"{'broad_money': (6,), 'ppi_qoq': (2,), 'wti': (1,), 'gold': (1,), 'policy_rate': (1,), 'VNINDEX': (3,), 'NIKKEI225': (4,), 'USDVND': (4,)}","target:[1, 12] | broad_money:[6], ppi_qoq:[2], wti:[1], gold:[1], policy_rate:[1], VNINDEX:[3], NIKKEI225:[4], USDVND:[4]",VMD2
__ffnn_combo__,,"(1, 12)",,aic,,,,,,,,,,3.0,-5628.259225369072,one_feature_perturbation,staged,"{'broad_money': (6,), 'ppi_qoq': (3,), 'wti': (1,), 'gold': (1,), 'policy_rate': (1,), 'VNINDEX': (3,), 'NIKKEI225': (4,), 'USDVND': (4,)}","target:[1, 12] | broad_money:[6], ppi_qoq:[3], wti:[1], gold:[1], policy_rate:[1], VNINDEX:[3], NIKKEI225:[4], USDVND:[4]",VMD2
__ffnn_combo__,,"(1, 12)",,aic,,,,,,,,,,4.0,-5628.259222444217,one_feature_perturbation,staged,"{'broad_money': (6,), 'ppi_qoq': (1,), 'wti': (1,), 'gold': (1,), 'policy_rate': (1,), 'VNINDEX': (3,), 'NIKKEI225': (4,), 'USDVND': (3,)}","target:[1, 12] | broad_money:[6], ppi_qoq:[1], wti:[1], gold:[1], policy_rate:[1], VNINDEX:[3], NIKKEI225:[4], USDVND:[3]",VMD2
__ffnn_combo__,,"(1, 12)",,aic,,,,,,,,,,5.0,-5628.259186055533,one_feature_perturbation,staged,"{'broad_money': (6,), 'ppi_qoq': (1,), 'wti': (1,), 'gold': (1,), 'policy_rate': (1,), 'VNINDEX': (3,), 'NIKKEI225': (4,), 'USDVND': (1,)}","target:[1, 12] | broad_money:[6], ppi_qoq:[1], wti:[1], gold:[1], policy_rate:[1], VNINDEX:[3], NIKKEI225:[4], USDVND:[1]",VMD2
__ffnn_combo__,,"(1, 12)",,aic,,,,,,,,,,6.0,-5628.258961626676,one_feature_perturbation,staged,"{'broad_money': (5,), 'ppi_qoq': (1,), 'wti': (1,), 'gold': (1,), 'policy_rate': (1,), 'VNINDEX': (3,), 'NIKKEI225': (4,), 'USDVND': (4,)}","target:[1, 12] | broad_money:[5], ppi_qoq:[1], wti:[1], gold:[1], policy_rate:[1], VNINDEX:[3], NIKKEI225:[4], USDVND:[4]",VMD2
__ffnn_combo__,,"(1, 12)",,aic,,,,,,,,,,7.0,-5628.258507300013,one_feature_perturbation,staged,"{'broad_money': (4,), 'ppi_qoq': (1,), 'wti': (1,), 'gold': (1,), 'policy_rate': (1,), 'VNINDEX': (3,), 'NIKKEI225': (4,), 'USDVND': (4,)}","target:[1, 12] | broad_money:[4], ppi_qoq:[1], wti:[1], gold:[1], policy_rate:[1], VNINDEX:[3], NIKKEI225:[4], USDVND:[4]",VMD2
__ffnn_combo__,,"(1, 12)",,aic,,,,,,,,,,8.0,-5628.258136111831,one_feature_perturbation,staged,"{'broad_money': (6,), 'ppi_qoq': (1,), 'wti': (1,), 'gold': (1,), 'policy_rate': (1,), 'VNINDEX': (3,), 'NIKKEI225': (5,), 'USDVND': (4,)}","target:[1, 12] | broad_money:[6], ppi_qoq:[1], wti:[1], gold:[1], policy_rate:[1], VNINDEX:[3], NIKKEI225:[5], USDVND:[4]",VMD2
__ffnn_combo__,,"(1, 12)",,aic,,,,,,,,,,9.0,-5628.257848906531,one_feature_perturbation,staged,"{'broad_money': (6,), 'ppi_qoq': (1,), 'wti': (1,), 'gold': (1,), 'policy_rate': (1,), 'VNINDEX': (3,), 'NIKKEI225': (6,), 'USDVND': (4,)}","target:[1, 12] | broad_money:[6], ppi_qoq:[1], wti:[1], gold:[1], policy_rate:[1], VNINDEX:[3], NIKKEI225:[6], USDVND:[4]",VMD2
__ffnn_combo__,,"(1, 12)",,aic,,,,,,,,,,10.0,-5628.254749219338,one_feature_perturbation,staged,"{'broad_money': (6,), 'ppi_qoq': (1,), 'wti': (1,), 'gold': (1,), 'policy_rate': (2,), 'VNINDEX': (3,), 'NIKKEI225': (4,), 'USDVND': (4,)}","target:[1, 12] | broad_money:[6], ppi_qoq:[1], wti:[1], gold:[1], policy_rate:[2], VNINDEX:[3], NIKKEI225:[4], USDVND:[4]",VMD2
__ffnn_combo__,,"(1, 12)",,aic,,,,,,,,,,11.0,-5628.25238985227,one_feature_perturbation,staged,"{'broad_money': (6,), 'ppi_qoq': (1,), 'wti': (2,), 'gold': (1,), 'policy_rate': (1,), 'VNINDEX': (3,), 'NIKKEI225': (4,), 'USDVND': (4,)}","target:[1, 12] | broad_money:[6], ppi_qoq:[1], wti:[2], gold:[1], policy_rate:[1], VNINDEX:[3], NIKKEI225:[4], USDVND:[4]",VMD2
__ffnn_combo__,,"(1, 12)",,aic,,,,,,,,,,12.0,-5628.251314180174,one_feature_perturbation,staged,"{'broad_money': (6,), 'ppi_qoq': (1,), 'wti': (1,), 'gold': (1,), 'policy_rate': (3,), 'VNINDEX': (3,), 'NIKKEI225': (4,), 'USDVND': (4,)}","target:[1, 12] | broad_money:[6], ppi_qoq:[1], wti:[1], gold:[1], policy_rate:[3], VNINDEX:[3], NIKKEI225:[4], USDVND:[4]",VMD2
__ffnn_combo__,,"(1, 12)",,aic,,,,,,,,,,13.0,-5628.235296968994,one_feature_perturbation,staged,"{'broad_money': (6,), 'ppi_qoq': (1,), 'wti': (3,), 'gold': (1,), 'policy_rate': (1,), 'VNINDEX': (3,), 'NIKKEI225': (4,), 'USDVND': (4,)}","target:[1, 12] | broad_money:[6], ppi_qoq:[1], wti:[3], gold:[1], policy_rate:[1], VNINDEX:[3], NIKKEI225:[4], USDVND:[4]",VMD2
__ffnn_combo__,,"(1, 12)",,aic,,,,,,,,,,14.0,-5628.182571200924,one_feature_perturbation,staged,"{'broad_money': (6,), 'ppi_qoq': (1,), 'wti': (1,), 'gold': (1,), 'policy_rate': (1,), 'VNINDEX': (2,), 'NIKKEI225': (4,), 'USDVND': (4,)}","target:[1, 12] | broad_money:[6], ppi_qoq:[1], wti:[1], gold:[1], policy_rate:[1], VNINDEX:[2], NIKKEI225:[4], USDVND:[4]",VMD2
__ffnn_combo__,,"(1, 12)",,aic,,,,,,,,,,15.0,-5628.180933614556,one_feature_perturbation,staged,"{'broad_money': (6,), 'ppi_qoq': (1,), 'wti': (1,), 'gold': (1,), 'policy_rate': (1,), 'VNINDEX': (4,), 'NIKKEI225': (4,), 'USDVND': (4,)}","target:[1, 12] | broad_money:[6], ppi_qoq:[1], wti:[1], gold:[1], policy_rate:[1], VNINDEX:[4], NIKKEI225:[4], USDVND:[4]",VMD2
__ffnn_combo__,,"(1, 12)",,aic,,,,,,,,,,16.0,-5624.1274311873185,one_feature_perturbation,staged,"{'broad_money': (6,), 'ppi_qoq': (1,), 'wti': (1,), 'gold': (6,), 'policy_rate': (1,), 'VNINDEX': (3,), 'NIKKEI225': (4,), 'USDVND': (4,)}","target:[1, 12] | broad_money:[6], ppi_qoq:[1], wti:[1], gold:[6], policy_rate:[1], VNINDEX:[3], NIKKEI225:[4], USDVND:[4]",VMD2
__target_lag__,1.0,"(1, 12)",fixed,aic,True,False,,,,,,,,,,,,,,VMD3
__target_lag__,12.0,"(1, 12)",fixed,aic,True,False,,,,,,,,,,,,,,VMD3
broad_money,,"(1, 12)",,aic,,,1.0,-810.1951771471787,-792.8128593875211,-810.1951771471787,239.0,,False,,,,,,,VMD3
broad_money,,"(1, 12)",,aic,,,2.0,-793.9401949342289,-776.5578771745713,-793.9401949342289,239.0,,False,,,,,,,VMD3
broad_money,,"(1, 12)",,aic,,,3.0,-810.4925915783745,-793.1102738187169,-810.4925915783745,239.0,3.0,True,,,,,,,VMD3
broad_money,,"(1, 12)",,aic,,,4.0,-813.0084329027718,-795.6261151431142,-813.0084329027718,239.0,2.0,True,,,,,,,VMD3
broad_money,,"(1, 12)",,aic,,,5.0,-793.8059255480383,-776.4236077883808,-793.8059255480383,239.0,,False,,,,,,,VMD3
broad_money,,"(1, 12)",,aic,,,6.0,-819.7166031221499,-802.3342853624923,-819.7166031221499,239.0,1.0,True,,,,,,,VMD3
ppi_qoq,,"(1, 12)",,aic,,,1.0,-793.5547161950018,-776.1723984353442,-793.5547161950018,239.0,1.0,True,,,,,,,VMD3
ppi_qoq,,"(1, 12)",,aic,,,2.0,-793.5547161950018,-776.1723984353442,-793.5547161950018,239.0,2.0,True,,,,,,,VMD3
ppi_qoq,,"(1, 12)",,aic,,,3.0,-793.5547161950018,-776.1723984353442,-793.5547161950018,239.0,3.0,True,,,,,,,VMD3
ppi_qoq,,"(1, 12)",,aic,,,4.0,-793.5547161950018,-776.1723984353442,-793.5547161950018,239.0,,False,,,,,,,VMD3
ppi_qoq,,"(1, 12)",,aic,,,5.0,-793.5547161950018,-776.1723984353442,-793.5547161950018,239.0,,False,,,,,,,VMD3
ppi_qoq,,"(1, 12)",,aic,,,6.0,-793.5547161950018,-776.1723984353442,-793.5547161950018,239.0,,False,,,,,,,VMD3
wti,,"(1, 12)",,aic,,,1.0,-793.5553254416842,-776.1730076820267,-793.5553254416842,239.0,,False,,,,,,,VMD3
wti,,"(1, 12)",,aic,,,2.0,-793.5575728520746,-776.175255092417,-793.5575728520746,239.0,,False,,,,,,,VMD3
wti,,"(1, 12)",,aic,,,3.0,-793.5598886970398,-776.1775709373823,-793.5598886970398,239.0,,False,,,,,,,VMD3
wti,,"(1, 12)",,aic,,,4.0,-793.5610055823429,-776.1786878226853,-793.5610055823429,239.0,3.0,True,,,,,,,VMD3
wti,,"(1, 12)",,aic,,,5.0,-793.5630784682053,-776.1807607085477,-793.5630784682053,239.0,1.0,True,,,,,,,VMD3
wti,,"(1, 12)",,aic,,,6.0,-793.5616358561524,-776.1793180964949,-793.5616358561524,239.0,2.0,True,,,,,,,VMD3
gold,,"(1, 12)",,aic,,,1.0,-795.6782974117211,-778.2959796520636,-795.6782974117211,239.0,,False,,,,,,,VMD3
gold,,"(1, 12)",,aic,,,2.0,-800.6757247044559,-783.2934069447983,-800.6757247044559,239.0,2.0,True,,,,,,,VMD3
gold,,"(1, 12)",,aic,,,3.0,-799.1822845219857,-781.7999667623282,-799.1822845219857,239.0,3.0,True,,,,,,,VMD3
gold,,"(1, 12)",,aic,,,4.0,-794.3085586588288,-776.9262408991713,-794.3085586588288,239.0,,False,,,,,,,VMD3
gold,,"(1, 12)",,aic,,,5.0,-794.8166416781522,-777.4343239184947,-794.8166416781522,239.0,,False,,,,,,,VMD3
gold,,"(1, 12)",,aic,,,6.0,-800.7055984834383,-783.3232807237807,-800.7055984834383,239.0,1.0,True,,,,,,,VMD3
policy_rate,,"(1, 12)",,aic,,,1.0,-793.5621631300527,-776.1798453703951,-793.5621631300527,239.0,2.0,True,,,,,,,VMD3
policy_rate,,"(1, 12)",,aic,,,2.0,-793.5626214427756,-776.180303683118,-793.5626214427756,239.0,1.0,True,,,,,,,VMD3
policy_rate,,"(1, 12)",,aic,,,3.0,-793.5588168947937,-776.1764991351362,-793.5588168947937,239.0,3.0,True,,,,,,,VMD3
policy_rate,,"(1, 12)",,aic,,,4.0,-793.5572353135584,-776.1749175539009,-793.5572353135584,239.0,,False,,,,,,,VMD3
policy_rate,,"(1, 12)",,aic,,,5.0,-793.5556718129817,-776.1733540533241,-793.5556718129817,239.0,,False,,,,,,,VMD3
policy_rate,,"(1, 12)",,aic,,,6.0,-793.5547773481884,-776.1724595885308,-793.5547773481884,239.0,,False,,,,,,,VMD3
VNINDEX,,"(1, 12)",,aic,,,1.0,-793.5683431784503,-776.1860254187927,-793.5683431784503,239.0,1.0,True,,,,,,,VMD3
VNINDEX,,"(1, 12)",,aic,,,2.0,-793.5547873571552,-776.1724695974976,-793.5547873571552,239.0,,False,,,,,,,VMD3
VNINDEX,,"(1, 12)",,aic,,,3.0,-793.5613860115031,-776.1790682518456,-793.5613860115031,239.0,2.0,True,,,,,,,VMD3
VNINDEX,,"(1, 12)",,aic,,,4.0,-793.5550998793431,-776.1727821196855,-793.5550998793431,239.0,,False,,,,,,,VMD3
VNINDEX,,"(1, 12)",,aic,,,5.0,-793.5549299773832,-776.1726122177256,-793.5549299773832,239.0,,False,,,,,,,VMD3
VNINDEX,,"(1, 12)",,aic,,,6.0,-793.5562404296973,-776.1739226700397,-793.5562404296973,239.0,3.0,True,,,,,,,VMD3
NIKKEI225,,"(1, 12)",,aic,,,1.0,-793.5756551438394,-776.1933373841819,-793.5756551438394,239.0,,False,,,,,,,VMD3
NIKKEI225,,"(1, 12)",,aic,,,2.0,-793.6850691006371,-776.3027513409795,-793.6850691006371,239.0,3.0,True,,,,,,,VMD3
NIKKEI225,,"(1, 12)",,aic,,,3.0,-793.832302032482,-776.4499842728244,-793.832302032482,239.0,2.0,True,,,,,,,VMD3
NIKKEI225,,"(1, 12)",,aic,,,4.0,-793.617502400812,-776.2351846411544,-793.617502400812,239.0,,False,,,,,,,VMD3
NIKKEI225,,"(1, 12)",,aic,,,5.0,-793.6246805556189,-776.2423627959613,-793.6246805556189,239.0,,False,,,,,,,VMD3
NIKKEI225,,"(1, 12)",,aic,,,6.0,-794.1202382647044,-776.7379205050469,-794.1202382647044,239.0,1.0,True,,,,,,,VMD3
USDVND,,"(1, 12)",,aic,,,1.0,-794.5955300940827,-777.2132123344252,-794.5955300940827,239.0,3.0,True,,,,,,,VMD3
USDVND,,"(1, 12)",,aic,,,2.0,-793.8371018487626,-776.454784089105,-793.8371018487626,239.0,,False,,,,,,,VMD3
USDVND,,"(1, 12)",,aic,,,3.0,-794.3973925037674,-777.0150747441098,-794.3973925037674,239.0,,False,,,,,,,VMD3
USDVND,,"(1, 12)",,aic,,,4.0,-795.0565878493692,-777.6742700897116,-795.0565878493692,239.0,2.0,True,,,,,,,VMD3
USDVND,,"(1, 12)",,aic,,,5.0,-793.7338927480853,-776.3515749884277,-793.7338927480853,239.0,,False,,,,,,,VMD3
USDVND,,"(1, 12)",,aic,,,6.0,-797.7919051055112,-780.4095873458537,-797.7919051055112,239.0,1.0,True,,,,,,,VMD3
__ffnn_combo__,,"(1, 12)",,aic,,,,,,,,,,1.0,-6386.583104260237,baseline_rank1,staged,"{'broad_money': (6,), 'ppi_qoq': (1,), 'wti': (5,), 'gold': (6,), 'policy_rate': (2,), 'VNINDEX': (1,), 'NIKKEI225': (6,), 'USDVND': (6,)}","target:[1, 12] | broad_money:[6], ppi_qoq:[1], wti:[5], gold:[6], policy_rate:[2], VNINDEX:[1], NIKKEI225:[6], USDVND:[6]",VMD3
__ffnn_combo__,,"(1, 12)",,aic,,,,,,,,,,2.0,-6386.583104260237,one_feature_perturbation,staged,"{'broad_money': (6,), 'ppi_qoq': (2,), 'wti': (5,), 'gold': (6,), 'policy_rate': (2,), 'VNINDEX': (1,), 'NIKKEI225': (6,), 'USDVND': (6,)}","target:[1, 12] | broad_money:[6], ppi_qoq:[2], wti:[5], gold:[6], policy_rate:[2], VNINDEX:[1], NIKKEI225:[6], USDVND:[6]",VMD3
__ffnn_combo__,,"(1, 12)",,aic,,,,,,,,,,3.0,-6386.583104260237,one_feature_perturbation,staged,"{'broad_money': (6,), 'ppi_qoq': (3,), 'wti': (5,), 'gold': (6,), 'policy_rate': (2,), 'VNINDEX': (1,), 'NIKKEI225': (6,), 'USDVND': (6,)}","target:[1, 12] | broad_money:[6], ppi_qoq:[3], wti:[5], gold:[6], policy_rate:[2], VNINDEX:[1], NIKKEI225:[6], USDVND:[6]",VMD3
__ffnn_combo__,,"(1, 12)",,aic,,,,,,,,,,4.0,-6386.582645947514,one_feature_perturbation,staged,"{'broad_money': (6,), 'ppi_qoq': (1,), 'wti': (5,), 'gold': (6,), 'policy_rate': (1,), 'VNINDEX': (1,), 'NIKKEI225': (6,), 'USDVND': (6,)}","target:[1, 12] | broad_money:[6], ppi_qoq:[1], wti:[5], gold:[6], policy_rate:[1], VNINDEX:[1], NIKKEI225:[6], USDVND:[6]",VMD3
__ffnn_combo__,,"(1, 12)",,aic,,,,,,,,,,5.0,-6386.581661648184,one_feature_perturbation,staged,"{'broad_money': (6,), 'ppi_qoq': (1,), 'wti': (6,), 'gold': (6,), 'policy_rate': (2,), 'VNINDEX': (1,), 'NIKKEI225': (6,), 'USDVND': (6,)}","target:[1, 12] | broad_money:[6], ppi_qoq:[1], wti:[6], gold:[6], policy_rate:[2], VNINDEX:[1], NIKKEI225:[6], USDVND:[6]",VMD3
__ffnn_combo__,,"(1, 12)",,aic,,,,,,,,,,6.0,-6386.581031374374,one_feature_perturbation,staged,"{'broad_money': (6,), 'ppi_qoq': (1,), 'wti': (4,), 'gold': (6,), 'policy_rate': (2,), 'VNINDEX': (1,), 'NIKKEI225': (6,), 'USDVND': (6,)}","target:[1, 12] | broad_money:[6], ppi_qoq:[1], wti:[4], gold:[6], policy_rate:[2], VNINDEX:[1], NIKKEI225:[6], USDVND:[6]",VMD3
__ffnn_combo__,,"(1, 12)",,aic,,,,,,,,,,7.0,-6386.579299712255,one_feature_perturbation,staged,"{'broad_money': (6,), 'ppi_qoq': (1,), 'wti': (5,), 'gold': (6,), 'policy_rate': (3,), 'VNINDEX': (1,), 'NIKKEI225': (6,), 'USDVND': (6,)}","target:[1, 12] | broad_money:[6], ppi_qoq:[1], wti:[5], gold:[6], policy_rate:[3], VNINDEX:[1], NIKKEI225:[6], USDVND:[6]",VMD3
__ffnn_combo__,,"(1, 12)",,aic,,,,,,,,,,8.0,-6386.576147093289,one_feature_perturbation,staged,"{'broad_money': (6,), 'ppi_qoq': (1,), 'wti': (5,), 'gold': (6,), 'policy_rate': (2,), 'VNINDEX': (3,), 'NIKKEI225': (6,), 'USDVND': (6,)}","target:[1, 12] | broad_money:[6], ppi_qoq:[1], wti:[5], gold:[6], policy_rate:[2], VNINDEX:[3], NIKKEI225:[6], USDVND:[6]",VMD3
__ffnn_combo__,,"(1, 12)",,aic,,,,,,,,,,9.0,-6386.571001511484,one_feature_perturbation,staged,"{'broad_money': (6,), 'ppi_qoq': (1,), 'wti': (5,), 'gold': (6,), 'policy_rate': (2,), 'VNINDEX': (6,), 'NIKKEI225': (6,), 'USDVND': (6,)}","target:[1, 12] | broad_money:[6], ppi_qoq:[1], wti:[5], gold:[6], policy_rate:[2], VNINDEX:[6], NIKKEI225:[6], USDVND:[6]",VMD3
__ffnn_combo__,,"(1, 12)",,aic,,,,,,,,,,10.0,-6386.553230481254,one_feature_perturbation,staged,"{'broad_money': (6,), 'ppi_qoq': (1,), 'wti': (5,), 'gold': (2,), 'policy_rate': (2,), 'VNINDEX': (1,), 'NIKKEI225': (6,), 'USDVND': (6,)}","target:[1, 12] | broad_money:[6], ppi_qoq:[1], wti:[5], gold:[2], policy_rate:[2], VNINDEX:[1], NIKKEI225:[6], USDVND:[6]",VMD3
__ffnn_combo__,,"(1, 12)",,aic,,,,,,,,,,11.0,-6386.295168028014,one_feature_perturbation,staged,"{'broad_money': (6,), 'ppi_qoq': (1,), 'wti': (5,), 'gold': (6,), 'policy_rate': (2,), 'VNINDEX': (1,), 'NIKKEI225': (3,), 'USDVND': (6,)}","target:[1, 12] | broad_money:[6], ppi_qoq:[1], wti:[5], gold:[6], policy_rate:[2], VNINDEX:[1], NIKKEI225:[3], USDVND:[6]",VMD3
__ffnn_combo__,,"(1, 12)",,aic,,,,,,,,,,12.0,-6386.147935096169,one_feature_perturbation,staged,"{'broad_money': (6,), 'ppi_qoq': (1,), 'wti': (5,), 'gold': (6,), 'policy_rate': (2,), 'VNINDEX': (1,), 'NIKKEI225': (2,), 'USDVND': (6,)}","target:[1, 12] | broad_money:[6], ppi_qoq:[1], wti:[5], gold:[6], policy_rate:[2], VNINDEX:[1], NIKKEI225:[2], USDVND:[6]",VMD3
__ffnn_combo__,,"(1, 12)",,aic,,,,,,,,,,13.0,-6385.059790298784,one_feature_perturbation,staged,"{'broad_money': (6,), 'ppi_qoq': (1,), 'wti': (5,), 'gold': (3,), 'policy_rate': (2,), 'VNINDEX': (1,), 'NIKKEI225': (6,), 'USDVND': (6,)}","target:[1, 12] | broad_money:[6], ppi_qoq:[1], wti:[5], gold:[3], policy_rate:[2], VNINDEX:[1], NIKKEI225:[6], USDVND:[6]",VMD3
__ffnn_combo__,,"(1, 12)",,aic,,,,,,,,,,14.0,-6383.847787004095,one_feature_perturbation,staged,"{'broad_money': (6,), 'ppi_qoq': (1,), 'wti': (5,), 'gold': (6,), 'policy_rate': (2,), 'VNINDEX': (1,), 'NIKKEI225': (6,), 'USDVND': (4,)}","target:[1, 12] | broad_money:[6], ppi_qoq:[1], wti:[5], gold:[6], policy_rate:[2], VNINDEX:[1], NIKKEI225:[6], USDVND:[4]",VMD3
__ffnn_combo__,,"(1, 12)",,aic,,,,,,,,,,15.0,-6383.3867292488085,one_feature_perturbation,staged,"{'broad_money': (6,), 'ppi_qoq': (1,), 'wti': (5,), 'gold': (6,), 'policy_rate': (2,), 'VNINDEX': (1,), 'NIKKEI225': (6,), 'USDVND': (1,)}","target:[1, 12] | broad_money:[6], ppi_qoq:[1], wti:[5], gold:[6], policy_rate:[2], VNINDEX:[1], NIKKEI225:[6], USDVND:[1]",VMD3
__ffnn_combo__,,"(1, 12)",,aic,,,,,,,,,,16.0,-6379.8749340408585,one_feature_perturbation,staged,"{'broad_money': (4,), 'ppi_qoq': (1,), 'wti': (5,), 'gold': (6,), 'policy_rate': (2,), 'VNINDEX': (1,), 'NIKKEI225': (6,), 'USDVND': (6,)}","target:[1, 12] | broad_money:[4], ppi_qoq:[1], wti:[5], gold:[6], policy_rate:[2], VNINDEX:[1], NIKKEI225:[6], USDVND:[6]",VMD3
__target_lag__,1.0,"(1, 12)",fixed,aic,True,False,,,,,,,,,,,,,,RES
__target_lag__,12.0,"(1, 12)",fixed,aic,True,False,,,,,,,,,,,,,,RES
broad_money,,"(1, 12)",,aic,,,1.0,478.7915417425781,496.17385950223564,478.7915417425781,239.0,,False,,,,,,,RES
broad_money,,"(1, 12)",,aic,,,2.0,478.7536253739977,496.13594313365525,478.7536253739977,239.0,,False,,,,,,,RES
broad_money,,"(1, 12)",,aic,,,3.0,478.5459927136482,495.92831047330577,478.5459927136482,239.0,,False,,,,,,,RES
broad_money,,"(1, 12)",,aic,,,4.0,478.2246622600722,495.60698001972975,478.2246622600722,239.0,1.0,True,,,,,,,RES
broad_money,,"(1, 12)",,aic,,,5.0,478.3941174898674,495.776435249525,478.3941174898674,239.0,2.0,True,,,,,,,RES
broad_money,,"(1, 12)",,aic,,,6.0,478.4878220346988,495.87013979435636,478.4878220346988,239.0,3.0,True,,,,,,,RES
ppi_qoq,,"(1, 12)",,aic,,,1.0,478.8727934546124,496.25511121426996,478.8727934546124,239.0,1.0,True,,,,,,,RES
ppi_qoq,,"(1, 12)",,aic,,,2.0,478.8727934546124,496.25511121426996,478.8727934546124,239.0,2.0,True,,,,,,,RES
ppi_qoq,,"(1, 12)",,aic,,,3.0,478.8727934546124,496.25511121426996,478.8727934546124,239.0,3.0,True,,,,,,,RES
ppi_qoq,,"(1, 12)",,aic,,,4.0,478.8727934546124,496.25511121426996,478.8727934546124,239.0,,False,,,,,,,RES
ppi_qoq,,"(1, 12)",,aic,,,5.0,478.8727934546124,496.25511121426996,478.8727934546124,239.0,,False,,,,,,,RES
ppi_qoq,,"(1, 12)",,aic,,,6.0,478.8727934546124,496.25511121426996,478.8727934546124,239.0,,False,,,,,,,RES
wti,,"(1, 12)",,aic,,,1.0,478.0821659266745,495.4644836863321,478.0821659266745,239.0,,False,,,,,,,RES
wti,,"(1, 12)",,aic,,,2.0,477.54232864625226,494.9246464059098,477.54232864625226,239.0,,False,,,,,,,RES
wti,,"(1, 12)",,aic,,,3.0,477.27249519509024,494.6548129547478,477.27249519509024,239.0,3.0,True,,,,,,,RES
wti,,"(1, 12)",,aic,,,4.0,477.098113704214,494.4804314638715,477.098113704214,239.0,2.0,True,,,,,,,RES
wti,,"(1, 12)",,aic,,,5.0,477.36190080463393,494.7442185642915,477.36190080463393,239.0,,False,,,,,,,RES
wti,,"(1, 12)",,aic,,,6.0,476.7865802445779,494.1688980042355,476.7865802445779,239.0,1.0,True,,,,,,,RES
gold,,"(1, 12)",,aic,,,1.0,478.2044962851537,495.58681404481126,478.2044962851537,239.0,,False,,,,,,,RES
gold,,"(1, 12)",,aic,,,2.0,478.1521412744919,495.53445903414945,478.1521412744919,239.0,,False,,,,,,,RES
gold,,"(1, 12)",,aic,,,3.0,478.1410038377709,495.52332159742843,478.1410038377709,239.0,,False,,,,,,,RES
gold,,"(1, 12)",,aic,,,4.0,478.0456979154529,495.42801567511043,478.0456979154529,239.0,2.0,True,,,,,,,RES
gold,,"(1, 12)",,aic,,,5.0,478.04976156181806,495.4320793214756,478.04976156181806,239.0,3.0,True,,,,,,,RES
gold,,"(1, 12)",,aic,,,6.0,477.9832405378763,495.3655582975339,477.9832405378763,239.0,1.0,True,,,,,,,RES
policy_rate,,"(1, 12)",,aic,,,1.0,472.897313859195,490.27963161885253,472.897313859195,239.0,1.0,True,,,,,,,RES
policy_rate,,"(1, 12)",,aic,,,2.0,473.95134108458643,491.333658844244,473.95134108458643,239.0,2.0,True,,,,,,,RES
policy_rate,,"(1, 12)",,aic,,,3.0,476.02656814086765,493.4088859005252,476.02656814086765,239.0,3.0,True,,,,,,,RES
policy_rate,,"(1, 12)",,aic,,,4.0,476.04572891873363,493.4280466783912,476.04572891873363,239.0,,False,,,,,,,RES
policy_rate,,"(1, 12)",,aic,,,5.0,477.18103786514234,494.5633556247999,477.18103786514234,239.0,,False,,,,,,,RES
policy_rate,,"(1, 12)",,aic,,,6.0,478.28070830403783,495.6630260636954,478.28070830403783,239.0,,False,,,,,,,RES
VNINDEX,,"(1, 12)",,aic,,,1.0,478.423221802153,495.8055395618106,478.423221802153,239.0,1.0,True,,,,,,,RES
VNINDEX,,"(1, 12)",,aic,,,2.0,478.5463543726193,495.92867213227686,478.5463543726193,239.0,3.0,True,,,,,,,RES
VNINDEX,,"(1, 12)",,aic,,,3.0,478.5046834429473,495.88700120260484,478.5046834429473,239.0,2.0,True,,,,,,,RES
VNINDEX,,"(1, 12)",,aic,,,4.0,478.72989503886805,496.1122127985256,478.72989503886805,239.0,,False,,,,,,,RES
VNINDEX,,"(1, 12)",,aic,,,5.0,478.8169999837937,496.1993177434513,478.8169999837937,239.0,,False,,,,,,,RES
VNINDEX,,"(1, 12)",,aic,,,6.0,478.86260988508093,496.2449276447385,478.86260988508093,239.0,,False,,,,,,,RES
NIKKEI225,,"(1, 12)",,aic,,,1.0,478.28775891223313,495.6700766718907,478.28775891223313,239.0,1.0,True,,,,,,,RES
NIKKEI225,,"(1, 12)",,aic,,,2.0,478.3003677761696,495.68268553582715,478.3003677761696,239.0,2.0,True,,,,,,,RES
NIKKEI225,,"(1, 12)",,aic,,,3.0,478.67316137680086,496.0554791364584,478.67316137680086,239.0,,False,,,,,,,RES
NIKKEI225,,"(1, 12)",,aic,,,4.0,478.87008962373193,496.2524073833895,478.87008962373193,239.0,,False,,,,,,,RES
NIKKEI225,,"(1, 12)",,aic,,,5.0,478.575344892295,495.95766265195255,478.575344892295,239.0,3.0,True,,,,,,,RES
NIKKEI225,,"(1, 12)",,aic,,,6.0,478.600789129931,495.98310688958856,478.600789129931,239.0,,False,,,,,,,RES
USDVND,,"(1, 12)",,aic,,,1.0,478.2205807172226,495.60289847688017,478.2205807172226,239.0,2.0,True,,,,,,,RES
USDVND,,"(1, 12)",,aic,,,2.0,478.2850745245342,495.66739228419175,478.2850745245342,239.0,,False,,,,,,,RES
USDVND,,"(1, 12)",,aic,,,3.0,478.12484027688316,495.5071580365407,478.12484027688316,239.0,1.0,True,,,,,,,RES
USDVND,,"(1, 12)",,aic,,,4.0,478.2838099676921,495.66612772734965,478.2838099676921,239.0,3.0,True,,,,,,,RES
USDVND,,"(1, 12)",,aic,,,5.0,478.40909474793585,495.7914125075934,478.40909474793585,239.0,,False,,,,,,,RES
USDVND,,"(1, 12)",,aic,,,6.0,478.5050486469594,495.88736640661693,478.5050486469594,239.0,,False,,,,,,,RES
__ffnn_combo__,,"(1, 12)",,aic,,,,,,,,,,1.0,3819.6004113476033,baseline_rank1,staged,"{'broad_money': (4,), 'ppi_qoq': (1,), 'wti': (6,), 'gold': (6,), 'policy_rate': (1,), 'VNINDEX': (1,), 'NIKKEI225': (1,), 'USDVND': (3,)}","target:[1, 12] | broad_money:[4], ppi_qoq:[1], wti:[6], gold:[6], policy_rate:[1], VNINDEX:[1], NIKKEI225:[1], USDVND:[3]",RES
__ffnn_combo__,,"(1, 12)",,aic,,,,,,,,,,2.0,3819.6004113476033,one_feature_perturbation,staged,"{'broad_money': (4,), 'ppi_qoq': (2,), 'wti': (6,), 'gold': (6,), 'policy_rate': (1,), 'VNINDEX': (1,), 'NIKKEI225': (1,), 'USDVND': (3,)}","target:[1, 12] | broad_money:[4], ppi_qoq:[2], wti:[6], gold:[6], policy_rate:[1], VNINDEX:[1], NIKKEI225:[1], USDVND:[3]",RES
__ffnn_combo__,,"(1, 12)",,aic,,,,,,,,,,3.0,3819.6004113476033,one_feature_perturbation,staged,"{'broad_money': (4,), 'ppi_qoq': (3,), 'wti': (6,), 'gold': (6,), 'policy_rate': (1,), 'VNINDEX': (1,), 'NIKKEI225': (1,), 'USDVND': (3,)}","target:[1, 12] | broad_money:[4], ppi_qoq:[3], wti:[6], gold:[6], policy_rate:[1], VNINDEX:[1], NIKKEI225:[1], USDVND:[3]",RES
__ffnn_combo__,,"(1, 12)",,aic,,,,,,,,,,4.0,3819.6130202115396,one_feature_perturbation,staged,"{'broad_money': (4,), 'ppi_qoq': (1,), 'wti': (6,), 'gold': (6,), 'policy_rate': (1,), 'VNINDEX': (1,), 'NIKKEI225': (2,), 'USDVND': (3,)}","target:[1, 12] | broad_money:[4], ppi_qoq:[1], wti:[6], gold:[6], policy_rate:[1], VNINDEX:[1], NIKKEI225:[2], USDVND:[3]",RES
__ffnn_combo__,,"(1, 12)",,aic,,,,,,,,,,5.0,3819.6628687251796,one_feature_perturbation,staged,"{'broad_money': (4,), 'ppi_qoq': (1,), 'wti': (6,), 'gold': (4,), 'policy_rate': (1,), 'VNINDEX': (1,), 'NIKKEI225': (1,), 'USDVND': (3,)}","target:[1, 12] | broad_money:[4], ppi_qoq:[1], wti:[6], gold:[4], policy_rate:[1], VNINDEX:[1], NIKKEI225:[1], USDVND:[3]",RES
__ffnn_combo__,,"(1, 12)",,aic,,,,,,,,,,6.0,3819.666932371545,one_feature_perturbation,staged,"{'broad_money': (4,), 'ppi_qoq': (1,), 'wti': (6,), 'gold': (5,), 'policy_rate': (1,), 'VNINDEX': (1,), 'NIKKEI225': (1,), 'USDVND': (3,)}","target:[1, 12] | broad_money:[4], ppi_qoq:[1], wti:[6], gold:[5], policy_rate:[1], VNINDEX:[1], NIKKEI225:[1], USDVND:[3]",RES
__ffnn_combo__,,"(1, 12)",,aic,,,,,,,,,,7.0,3819.6818729883976,one_feature_perturbation,staged,"{'broad_money': (4,), 'ppi_qoq': (1,), 'wti': (6,), 'gold': (6,), 'policy_rate': (1,), 'VNINDEX': (3,), 'NIKKEI225': (1,), 'USDVND': (3,)}","target:[1, 12] | broad_money:[4], ppi_qoq:[1], wti:[6], gold:[6], policy_rate:[1], VNINDEX:[3], NIKKEI225:[1], USDVND:[3]",RES
__ffnn_combo__,,"(1, 12)",,aic,,,,,,,,,,8.0,3819.6961517879427,one_feature_perturbation,staged,"{'broad_money': (4,), 'ppi_qoq': (1,), 'wti': (6,), 'gold': (6,), 'policy_rate': (1,), 'VNINDEX': (1,), 'NIKKEI225': (1,), 'USDVND': (1,)}","target:[1, 12] | broad_money:[4], ppi_qoq:[1], wti:[6], gold:[6], policy_rate:[1], VNINDEX:[1], NIKKEI225:[1], USDVND:[1]",RES
__ffnn_combo__,,"(1, 12)",,aic,,,,,,,,,,9.0,3819.7235439180695,one_feature_perturbation,staged,"{'broad_money': (4,), 'ppi_qoq': (1,), 'wti': (6,), 'gold': (6,), 'policy_rate': (1,), 'VNINDEX': (2,), 'NIKKEI225': (1,), 'USDVND': (3,)}","target:[1, 12] | broad_money:[4], ppi_qoq:[1], wti:[6], gold:[6], policy_rate:[1], VNINDEX:[2], NIKKEI225:[1], USDVND:[3]",RES
__ffnn_combo__,,"(1, 12)",,aic,,,,,,,,,,10.0,3819.759381038412,one_feature_perturbation,staged,"{'broad_money': (4,), 'ppi_qoq': (1,), 'wti': (6,), 'gold': (6,), 'policy_rate': (1,), 'VNINDEX': (1,), 'NIKKEI225': (1,), 'USDVND': (4,)}","target:[1, 12] | broad_money:[4], ppi_qoq:[1], wti:[6], gold:[6], policy_rate:[1], VNINDEX:[1], NIKKEI225:[1], USDVND:[4]",RES
__ffnn_combo__,,"(1, 12)",,aic,,,,,,,,,,11.0,3819.7698665773983,one_feature_perturbation,staged,"{'broad_money': (5,), 'ppi_qoq': (1,), 'wti': (6,), 'gold': (6,), 'policy_rate': (1,), 'VNINDEX': (1,), 'NIKKEI225': (1,), 'USDVND': (3,)}","target:[1, 12] | broad_money:[5], ppi_qoq:[1], wti:[6], gold:[6], policy_rate:[1], VNINDEX:[1], NIKKEI225:[1], USDVND:[3]",RES
__ffnn_combo__,,"(1, 12)",,aic,,,,,,,,,,12.0,3819.8635711222296,one_feature_perturbation,staged,"{'broad_money': (6,), 'ppi_qoq': (1,), 'wti': (6,), 'gold': (6,), 'policy_rate': (1,), 'VNINDEX': (1,), 'NIKKEI225': (1,), 'USDVND': (3,)}","target:[1, 12] | broad_money:[6], ppi_qoq:[1], wti:[6], gold:[6], policy_rate:[1], VNINDEX:[1], NIKKEI225:[1], USDVND:[3]",RES
__ffnn_combo__,,"(1, 12)",,aic,,,,,,,,,,13.0,3819.887997327665,one_feature_perturbation,staged,"{'broad_money': (4,), 'ppi_qoq': (1,), 'wti': (6,), 'gold': (6,), 'policy_rate': (1,), 'VNINDEX': (1,), 'NIKKEI225': (5,), 'USDVND': (3,)}","target:[1, 12] | broad_money:[4], ppi_qoq:[1], wti:[6], gold:[6], policy_rate:[1], VNINDEX:[1], NIKKEI225:[5], USDVND:[3]",RES
__ffnn_combo__,,"(1, 12)",,aic,,,,,,,,,,14.0,3819.9119448072393,one_feature_perturbation,staged,"{'broad_money': (4,), 'ppi_qoq': (1,), 'wti': (4,), 'gold': (6,), 'policy_rate': (1,), 'VNINDEX': (1,), 'NIKKEI225': (1,), 'USDVND': (3,)}","target:[1, 12] | broad_money:[4], ppi_qoq:[1], wti:[4], gold:[6], policy_rate:[1], VNINDEX:[1], NIKKEI225:[1], USDVND:[3]",RES
__ffnn_combo__,,"(1, 12)",,aic,,,,,,,,,,15.0,3820.0863262981156,one_feature_perturbation,staged,"{'broad_money': (4,), 'ppi_qoq': (1,), 'wti': (3,), 'gold': (6,), 'policy_rate': (1,), 'VNINDEX': (1,), 'NIKKEI225': (1,), 'USDVND': (3,)}","target:[1, 12] | broad_money:[4], ppi_qoq:[1], wti:[3], gold:[6], policy_rate:[1], VNINDEX:[1], NIKKEI225:[1], USDVND:[3]",RES
__ffnn_combo__,,"(1, 12)",,aic,,,,,,,,,,16.0,3820.6544385729944,one_feature_perturbation,staged,"{'broad_money': (4,), 'ppi_qoq': (1,), 'wti': (6,), 'gold': (6,), 'policy_rate': (2,), 'VNINDEX': (1,), 'NIKKEI225': (1,), 'USDVND': (3,)}","target:[1, 12] | broad_money:[4], ppi_qoq:[1], wti:[6], gold:[6], policy_rate:[2], VNINDEX:[1], NIKKEI225:[1], USDVND:[3]",RES
