feature,component,target_lag_candidate_id,target_lags,target_lag_strategy,target_lag_preset,target_lag_source,acf_value,pacf_value,significance_threshold,selected_for_target_lags,target_lag_selection_fallback,lag_spec,exog_lags,n_train,n_val,Val RMSE,Val MAE,Val MAPE,Val Directional_Accuracy,target_lag,selected_ic,exog_lag,AIC,BIC,selected_score,nobs,rank_within_feature,selected_for_ffnn_grid,combo_rank,combo_score_sum,combo_source,lag_spec_strategy
__target_lag_validation_screen__,raw_no_vmd,0.0,"(1,)",validation_screen,acf_pacf,{1: 'pacf+acf+forced'},{1: -0.38033102132068414},{1: -0.3803310213206842},0.1589769927081473,False,False,"target:[1] | US_Retail:[1], PCE:[1, 2, 3], US_Sentiment:[1, 2], Import_CN:[1, 2], USD_VND:[1, 2, 3, 4]","{'US_Retail': (1,), 'PCE': (1, 2, 3), 'US_Sentiment': (1, 2), 'Import_CN': (1, 2), 'USD_VND': (1, 2, 3, 4)}",148.0,33.0,0.2213155570105756,0.17510355608788514,343.2437189710412,53.125,,,,,,,,,,,,,
__target_lag_validation_screen__,raw_no_vmd,1.0,"(1, 11)",validation_screen,acf_pacf,"{1: 'pacf+acf+forced', 11: 'pacf'}","{1: -0.38033102132068414, 11: -0.10963818703203052}","{1: -0.3803310213206842, 11: -0.4059620612336614}",0.1589769927081473,True,False,"target:[1, 11] | US_Retail:[1], PCE:[1], US_Sentiment:[1, 2], Import_CN:[1, 2], USD_VND:[1, 2, 3]","{'US_Retail': (1,), 'PCE': (1,), 'US_Sentiment': (1, 2), 'Import_CN': (1, 2), 'USD_VND': (1, 2, 3)}",141.0,33.0,0.15769835689912443,0.11343047426084715,338.90308012272646,75.0,,,,,,,,,,,,,
__target_lag_validation_screen__,raw_no_vmd,2.0,"(1, 11, 12)",validation_screen,acf_pacf,"{1: 'pacf+acf+forced', 11: 'pacf', 12: 'pacf+acf'}","{1: -0.38033102132068414, 11: -0.10963818703203052, 12: 0.49808605173472603}","{1: -0.3803310213206842, 11: -0.4059620612336614, 12: 0.23371379660743144}",0.1589769927081473,False,False,"target:[1, 11, 12] | US_Retail:[1], PCE:[1], US_Sentiment:[1, 2, 3, 4, 5, 6], Import_CN:[1, 2], USD_VND:[1, 2, 3, 4, 5, 6]","{'US_Retail': (1,), 'PCE': (1,), 'US_Sentiment': (1, 2, 3, 4, 5, 6), 'Import_CN': (1, 2), 'USD_VND': (1, 2, 3, 4, 5, 6)}",140.0,33.0,0.2678894455927338,0.2239210996659052,570.0827938531916,53.125,,,,,,,,,,,,,
__target_lag__,raw_no_vmd,,"(1, 11)",validation_screen,,,,,,True,False,,,,,,,,,1.0,aic,,,,,,,,,,,
__target_lag__,raw_no_vmd,,"(1, 11)",validation_screen,,,,,,True,False,,,,,,,,,11.0,aic,,,,,,,,,,,
US_Retail,raw_no_vmd,,"(1, 11)",,,,,,,,,,,,,,,,,,aic,1.0,-64.02940277697279,-49.285603325081944,-64.02940277697279,141.0,1.0,True,,,,
US_Retail,raw_no_vmd,,"(1, 11)",,,,,,,,,,,,,,,,,,aic,2.0,-59.892809158345415,-45.14900970645457,-59.892809158345415,141.0,3.0,True,,,,
US_Retail,raw_no_vmd,,"(1, 11)",,,,,,,,,,,,,,,,,,aic,3.0,-60.20891669894955,-45.46511724705871,-60.20891669894955,141.0,2.0,True,,,,
US_Retail,raw_no_vmd,,"(1, 11)",,,,,,,,,,,,,,,,,,aic,4.0,-59.66245075918387,-44.918651307293025,-59.66245075918387,141.0,,False,,,,
US_Retail,raw_no_vmd,,"(1, 11)",,,,,,,,,,,,,,,,,,aic,5.0,-59.4341435617211,-44.69034410983026,-59.4341435617211,141.0,,False,,,,
US_Retail,raw_no_vmd,,"(1, 11)",,,,,,,,,,,,,,,,,,aic,6.0,-59.83337999904093,-45.089580547150085,-59.83337999904093,141.0,,False,,,,
PCE,raw_no_vmd,,"(1, 11)",,,,,,,,,,,,,,,,,,aic,1.0,-63.15951386969529,-48.415714417804445,-63.15951386969529,141.0,1.0,True,,,,
PCE,raw_no_vmd,,"(1, 11)",,,,,,,,,,,,,,,,,,aic,2.0,-59.44113552549268,-44.69733607360184,-59.44113552549268,141.0,,False,,,,
PCE,raw_no_vmd,,"(1, 11)",,,,,,,,,,,,,,,,,,aic,3.0,-62.26354328535895,-47.519743833468105,-62.26354328535895,141.0,2.0,True,,,,
PCE,raw_no_vmd,,"(1, 11)",,,,,,,,,,,,,,,,,,aic,4.0,-60.45155951010531,-45.70776005821447,-60.45155951010531,141.0,3.0,True,,,,
PCE,raw_no_vmd,,"(1, 11)",,,,,,,,,,,,,,,,,,aic,5.0,-59.440844559987795,-44.69704510809695,-59.440844559987795,141.0,,False,,,,
PCE,raw_no_vmd,,"(1, 11)",,,,,,,,,,,,,,,,,,aic,6.0,-59.49900938893836,-44.75520993704752,-59.49900938893836,141.0,,False,,,,
US_Sentiment,raw_no_vmd,,"(1, 11)",,,,,,,,,,,,,,,,,,aic,1.0,-59.43857927436278,-44.694779822471936,-59.43857927436278,141.0,,False,,,,
US_Sentiment,raw_no_vmd,,"(1, 11)",,,,,,,,,,,,,,,,,,aic,2.0,-60.37453889844987,-45.630739446559026,-60.37453889844987,141.0,1.0,True,,,,
US_Sentiment,raw_no_vmd,,"(1, 11)",,,,,,,,,,,,,,,,,,aic,3.0,-59.75971773562215,-45.0159182837313,-59.75971773562215,141.0,2.0,True,,,,
US_Sentiment,raw_no_vmd,,"(1, 11)",,,,,,,,,,,,,,,,,,aic,4.0,-59.504877948603664,-44.76107849671282,-59.504877948603664,141.0,,False,,,,
US_Sentiment,raw_no_vmd,,"(1, 11)",,,,,,,,,,,,,,,,,,aic,5.0,-59.545187843829595,-44.80138839193875,-59.545187843829595,141.0,,False,,,,
US_Sentiment,raw_no_vmd,,"(1, 11)",,,,,,,,,,,,,,,,,,aic,6.0,-59.56272221022749,-44.81892275833665,-59.56272221022749,141.0,3.0,True,,,,
Import_CN,raw_no_vmd,,"(1, 11)",,,,,,,,,,,,,,,,,,aic,1.0,-60.35601936651791,-45.61221991462707,-60.35601936651791,141.0,2.0,True,,,,
Import_CN,raw_no_vmd,,"(1, 11)",,,,,,,,,,,,,,,,,,aic,2.0,-67.46714181278396,-52.72334236089312,-67.46714181278396,141.0,1.0,True,,,,
Import_CN,raw_no_vmd,,"(1, 11)",,,,,,,,,,,,,,,,,,aic,3.0,-59.4659142740384,-44.72211482214755,-59.4659142740384,141.0,,False,,,,
Import_CN,raw_no_vmd,,"(1, 11)",,,,,,,,,,,,,,,,,,aic,4.0,-59.511206792120646,-44.7674073402298,-59.511206792120646,141.0,,False,,,,
Import_CN,raw_no_vmd,,"(1, 11)",,,,,,,,,,,,,,,,,,aic,5.0,-59.61088365764773,-44.86708420575689,-59.61088365764773,141.0,,False,,,,
Import_CN,raw_no_vmd,,"(1, 11)",,,,,,,,,,,,,,,,,,aic,6.0,-60.16373905619359,-45.41993960430275,-60.16373905619359,141.0,3.0,True,,,,
USD_VND,raw_no_vmd,,"(1, 11)",,,,,,,,,,,,,,,,,,aic,1.0,-59.474678178150484,-44.73087872625964,-59.474678178150484,141.0,,False,,,,
USD_VND,raw_no_vmd,,"(1, 11)",,,,,,,,,,,,,,,,,,aic,2.0,-59.43769549265457,-44.693896040763725,-59.43769549265457,141.0,,False,,,,
USD_VND,raw_no_vmd,,"(1, 11)",,,,,,,,,,,,,,,,,,aic,3.0,-60.43721229701066,-45.693412845119816,-60.43721229701066,141.0,1.0,True,,,,
USD_VND,raw_no_vmd,,"(1, 11)",,,,,,,,,,,,,,,,,,aic,4.0,-59.86522013812824,-45.12142068623739,-59.86522013812824,141.0,2.0,True,,,,
USD_VND,raw_no_vmd,,"(1, 11)",,,,,,,,,,,,,,,,,,aic,5.0,-59.49105965760094,-44.7472602057101,-59.49105965760094,141.0,,False,,,,
USD_VND,raw_no_vmd,,"(1, 11)",,,,,,,,,,,,,,,,,,aic,6.0,-59.78231306383839,-45.03851361194754,-59.78231306383839,141.0,3.0,True,,,,
__ffnn_combo__,raw_no_vmd,,"(1, 11)",,,,,,,,,"target:[1, 11] | US_Retail:[1], PCE:[1], US_Sentiment:[1, 2], Import_CN:[1, 2], USD_VND:[1, 2, 3]","{'US_Retail': (1,), 'PCE': (1,), 'US_Sentiment': (1, 2), 'Import_CN': (1, 2), 'USD_VND': (1, 2, 3)}",,,,,,,,aic,,,,,,,,1.0,-315.46780965491257,full_product,full_product
__ffnn_combo__,raw_no_vmd,,"(1, 11)",,,,,,,,,"target:[1, 11] | US_Retail:[1], PCE:[1], US_Sentiment:[1, 2], Import_CN:[1, 2], USD_VND:[1, 2, 3, 4]","{'US_Retail': (1,), 'PCE': (1,), 'US_Sentiment': (1, 2), 'Import_CN': (1, 2), 'USD_VND': (1, 2, 3, 4)}",,,,,,,,aic,,,,,,,,2.0,-314.89581749603013,full_product,full_product
__ffnn_combo__,raw_no_vmd,,"(1, 11)",,,,,,,,,"target:[1, 11] | US_Retail:[1], PCE:[1], US_Sentiment:[1, 2, 3], Import_CN:[1, 2], USD_VND:[1, 2, 3]","{'US_Retail': (1,), 'PCE': (1,), 'US_Sentiment': (1, 2, 3), 'Import_CN': (1, 2), 'USD_VND': (1, 2, 3)}",,,,,,,,aic,,,,,,,,3.0,-314.8529884920848,full_product,full_product
__ffnn_combo__,raw_no_vmd,,"(1, 11)",,,,,,,,,"target:[1, 11] | US_Retail:[1], PCE:[1], US_Sentiment:[1, 2], Import_CN:[1, 2], USD_VND:[1, 2, 3, 4, 5, 6]","{'US_Retail': (1,), 'PCE': (1,), 'US_Sentiment': (1, 2), 'Import_CN': (1, 2), 'USD_VND': (1, 2, 3, 4, 5, 6)}",,,,,,,,aic,,,,,,,,4.0,-314.8129104217403,full_product,full_product
__ffnn_combo__,raw_no_vmd,,"(1, 11)",,,,,,,,,"target:[1, 11] | US_Retail:[1], PCE:[1], US_Sentiment:[1, 2, 3, 4, 5, 6], Import_CN:[1, 2], USD_VND:[1, 2, 3]","{'US_Retail': (1,), 'PCE': (1,), 'US_Sentiment': (1, 2, 3, 4, 5, 6), 'Import_CN': (1, 2), 'USD_VND': (1, 2, 3)}",,,,,,,,aic,,,,,,,,5.0,-314.6559929666902,full_product,full_product
__ffnn_combo__,raw_no_vmd,,"(1, 11)",,,,,,,,,"target:[1, 11] | US_Retail:[1], PCE:[1, 2, 3], US_Sentiment:[1, 2], Import_CN:[1, 2], USD_VND:[1, 2, 3]","{'US_Retail': (1,), 'PCE': (1, 2, 3), 'US_Sentiment': (1, 2), 'Import_CN': (1, 2), 'USD_VND': (1, 2, 3)}",,,,,,,,aic,,,,,,,,6.0,-314.57183907057623,full_product,full_product
__ffnn_combo__,raw_no_vmd,,"(1, 11)",,,,,,,,,"target:[1, 11] | US_Retail:[1], PCE:[1], US_Sentiment:[1, 2, 3], Import_CN:[1, 2], USD_VND:[1, 2, 3, 4]","{'US_Retail': (1,), 'PCE': (1,), 'US_Sentiment': (1, 2, 3), 'Import_CN': (1, 2), 'USD_VND': (1, 2, 3, 4)}",,,,,,,,aic,,,,,,,,7.0,-314.28099633320244,full_product,full_product
__ffnn_combo__,raw_no_vmd,,"(1, 11)",,,,,,,,,"target:[1, 11] | US_Retail:[1], PCE:[1], US_Sentiment:[1, 2, 3], Import_CN:[1, 2], USD_VND:[1, 2, 3, 4, 5, 6]","{'US_Retail': (1,), 'PCE': (1,), 'US_Sentiment': (1, 2, 3), 'Import_CN': (1, 2), 'USD_VND': (1, 2, 3, 4, 5, 6)}",,,,,,,,aic,,,,,,,,8.0,-314.19808925891255,full_product,full_product
__ffnn_combo__,raw_no_vmd,,"(1, 11)",,,,,,,,,"target:[1, 11] | US_Retail:[1], PCE:[1], US_Sentiment:[1, 2, 3, 4, 5, 6], Import_CN:[1, 2], USD_VND:[1, 2, 3, 4]","{'US_Retail': (1,), 'PCE': (1,), 'US_Sentiment': (1, 2, 3, 4, 5, 6), 'Import_CN': (1, 2), 'USD_VND': (1, 2, 3, 4)}",,,,,,,,aic,,,,,,,,9.0,-314.0840008078078,full_product,full_product
__ffnn_combo__,raw_no_vmd,,"(1, 11)",,,,,,,,,"target:[1, 11] | US_Retail:[1], PCE:[1], US_Sentiment:[1, 2, 3, 4, 5, 6], Import_CN:[1, 2], USD_VND:[1, 2, 3, 4, 5, 6]","{'US_Retail': (1,), 'PCE': (1,), 'US_Sentiment': (1, 2, 3, 4, 5, 6), 'Import_CN': (1, 2), 'USD_VND': (1, 2, 3, 4, 5, 6)}",,,,,,,,aic,,,,,,,,10.0,-314.0010937335179,full_product,full_product
__ffnn_combo__,raw_no_vmd,,"(1, 11)",,,,,,,,,"target:[1, 11] | US_Retail:[1], PCE:[1, 2, 3], US_Sentiment:[1, 2], Import_CN:[1, 2], USD_VND:[1, 2, 3, 4]","{'US_Retail': (1,), 'PCE': (1, 2, 3), 'US_Sentiment': (1, 2), 'Import_CN': (1, 2), 'USD_VND': (1, 2, 3, 4)}",,,,,,,,aic,,,,,,,,11.0,-313.9998469116938,full_product,full_product
__ffnn_combo__,raw_no_vmd,,"(1, 11)",,,,,,,,,"target:[1, 11] | US_Retail:[1], PCE:[1, 2, 3], US_Sentiment:[1, 2, 3], Import_CN:[1, 2], USD_VND:[1, 2, 3]","{'US_Retail': (1,), 'PCE': (1, 2, 3), 'US_Sentiment': (1, 2, 3), 'Import_CN': (1, 2), 'USD_VND': (1, 2, 3)}",,,,,,,,aic,,,,,,,,12.0,-313.95701790774854,full_product,full_product
__ffnn_combo__,raw_no_vmd,,"(1, 11)",,,,,,,,,"target:[1, 11] | US_Retail:[1], PCE:[1, 2, 3], US_Sentiment:[1, 2], Import_CN:[1, 2], USD_VND:[1, 2, 3, 4, 5, 6]","{'US_Retail': (1,), 'PCE': (1, 2, 3), 'US_Sentiment': (1, 2), 'Import_CN': (1, 2), 'USD_VND': (1, 2, 3, 4, 5, 6)}",,,,,,,,aic,,,,,,,,13.0,-313.91693983740396,full_product,full_product
__ffnn_combo__,raw_no_vmd,,"(1, 11)",,,,,,,,,"target:[1, 11] | US_Retail:[1], PCE:[1, 2, 3], US_Sentiment:[1, 2, 3, 4, 5, 6], Import_CN:[1, 2], USD_VND:[1, 2, 3]","{'US_Retail': (1,), 'PCE': (1, 2, 3), 'US_Sentiment': (1, 2, 3, 4, 5, 6), 'Import_CN': (1, 2), 'USD_VND': (1, 2, 3)}",,,,,,,,aic,,,,,,,,14.0,-313.76002238235384,full_product,full_product
__ffnn_combo__,raw_no_vmd,,"(1, 11)",,,,,,,,,"target:[1, 11] | US_Retail:[1], PCE:[1, 2, 3], US_Sentiment:[1, 2, 3], Import_CN:[1, 2], USD_VND:[1, 2, 3, 4]","{'US_Retail': (1,), 'PCE': (1, 2, 3), 'US_Sentiment': (1, 2, 3), 'Import_CN': (1, 2), 'USD_VND': (1, 2, 3, 4)}",,,,,,,,aic,,,,,,,,15.0,-313.3850257488661,full_product,full_product
__ffnn_combo__,raw_no_vmd,,"(1, 11)",,,,,,,,,"target:[1, 11] | US_Retail:[1], PCE:[1, 2, 3], US_Sentiment:[1, 2, 3], Import_CN:[1, 2], USD_VND:[1, 2, 3, 4, 5, 6]","{'US_Retail': (1,), 'PCE': (1, 2, 3), 'US_Sentiment': (1, 2, 3), 'Import_CN': (1, 2), 'USD_VND': (1, 2, 3, 4, 5, 6)}",,,,,,,,aic,,,,,,,,16.0,-313.30211867457626,full_product,full_product
__ffnn_combo__,raw_no_vmd,,"(1, 11)",,,,,,,,,"target:[1, 11] | US_Retail:[1], PCE:[1, 2, 3], US_Sentiment:[1, 2, 3, 4, 5, 6], Import_CN:[1, 2], USD_VND:[1, 2, 3, 4]","{'US_Retail': (1,), 'PCE': (1, 2, 3), 'US_Sentiment': (1, 2, 3, 4, 5, 6), 'Import_CN': (1, 2), 'USD_VND': (1, 2, 3, 4)}",,,,,,,,aic,,,,,,,,17.0,-313.1880302234714,full_product,full_product
__ffnn_combo__,raw_no_vmd,,"(1, 11)",,,,,,,,,"target:[1, 11] | US_Retail:[1], PCE:[1, 2, 3], US_Sentiment:[1, 2, 3, 4, 5, 6], Import_CN:[1, 2], USD_VND:[1, 2, 3, 4, 5, 6]","{'US_Retail': (1,), 'PCE': (1, 2, 3), 'US_Sentiment': (1, 2, 3, 4, 5, 6), 'Import_CN': (1, 2), 'USD_VND': (1, 2, 3, 4, 5, 6)}",,,,,,,,aic,,,,,,,,18.0,-313.10512314918157,full_product,full_product
__ffnn_combo__,raw_no_vmd,,"(1, 11)",,,,,,,,,"target:[1, 11] | US_Retail:[1], PCE:[1, 2, 3, 4], US_Sentiment:[1, 2], Import_CN:[1, 2], USD_VND:[1, 2, 3]","{'US_Retail': (1,), 'PCE': (1, 2, 3, 4), 'US_Sentiment': (1, 2), 'Import_CN': (1, 2), 'USD_VND': (1, 2, 3)}",,,,,,,,aic,,,,,,,,19.0,-312.7598552953226,full_product,full_product
__ffnn_combo__,raw_no_vmd,,"(1, 11)",,,,,,,,,"target:[1, 11] | US_Retail:[1], PCE:[1, 2, 3, 4], US_Sentiment:[1, 2], Import_CN:[1, 2], USD_VND:[1, 2, 3, 4]","{'US_Retail': (1,), 'PCE': (1, 2, 3, 4), 'US_Sentiment': (1, 2), 'Import_CN': (1, 2), 'USD_VND': (1, 2, 3, 4)}",,,,,,,,aic,,,,,,,,20.0,-312.18786313644017,full_product,full_product
__ffnn_combo__,raw_no_vmd,,"(1, 11)",,,,,,,,,"target:[1, 11] | US_Retail:[1], PCE:[1, 2, 3, 4], US_Sentiment:[1, 2, 3], Import_CN:[1, 2], USD_VND:[1, 2, 3]","{'US_Retail': (1,), 'PCE': (1, 2, 3, 4), 'US_Sentiment': (1, 2, 3), 'Import_CN': (1, 2), 'USD_VND': (1, 2, 3)}",,,,,,,,aic,,,,,,,,21.0,-312.14503413249486,full_product,full_product
__ffnn_combo__,raw_no_vmd,,"(1, 11)",,,,,,,,,"target:[1, 11] | US_Retail:[1], PCE:[1, 2, 3, 4], US_Sentiment:[1, 2], Import_CN:[1, 2], USD_VND:[1, 2, 3, 4, 5, 6]","{'US_Retail': (1,), 'PCE': (1, 2, 3, 4), 'US_Sentiment': (1, 2), 'Import_CN': (1, 2), 'USD_VND': (1, 2, 3, 4, 5, 6)}",,,,,,,,aic,,,,,,,,22.0,-312.10495606215034,full_product,full_product
__ffnn_combo__,raw_no_vmd,,"(1, 11)",,,,,,,,,"target:[1, 11] | US_Retail:[1], PCE:[1, 2, 3, 4], US_Sentiment:[1, 2, 3, 4, 5, 6], Import_CN:[1, 2], USD_VND:[1, 2, 3]","{'US_Retail': (1,), 'PCE': (1, 2, 3, 4), 'US_Sentiment': (1, 2, 3, 4, 5, 6), 'Import_CN': (1, 2), 'USD_VND': (1, 2, 3)}",,,,,,,,aic,,,,,,,,23.0,-311.9480386071002,full_product,full_product
__ffnn_combo__,raw_no_vmd,,"(1, 11)",,,,,,,,,"target:[1, 11] | US_Retail:[1, 2, 3], PCE:[1], US_Sentiment:[1, 2], Import_CN:[1, 2], USD_VND:[1, 2, 3]","{'US_Retail': (1, 2, 3), 'PCE': (1,), 'US_Sentiment': (1, 2), 'Import_CN': (1, 2), 'USD_VND': (1, 2, 3)}",,,,,,,,aic,,,,,,,,24.0,-311.64732357688933,full_product,full_product
__ffnn_combo__,raw_no_vmd,,"(1, 11)",,,,,,,,,"target:[1, 11] | US_Retail:[1], PCE:[1, 2, 3, 4], US_Sentiment:[1, 2, 3], Import_CN:[1, 2], USD_VND:[1, 2, 3, 4]","{'US_Retail': (1,), 'PCE': (1, 2, 3, 4), 'US_Sentiment': (1, 2, 3), 'Import_CN': (1, 2), 'USD_VND': (1, 2, 3, 4)}",,,,,,,,aic,,,,,,,,25.0,-311.5730419736125,full_product,full_product
__ffnn_combo__,raw_no_vmd,,"(1, 11)",,,,,,,,,"target:[1, 11] | US_Retail:[1], PCE:[1, 2, 3, 4], US_Sentiment:[1, 2, 3], Import_CN:[1, 2], USD_VND:[1, 2, 3, 4, 5, 6]","{'US_Retail': (1,), 'PCE': (1, 2, 3, 4), 'US_Sentiment': (1, 2, 3), 'Import_CN': (1, 2), 'USD_VND': (1, 2, 3, 4, 5, 6)}",,,,,,,,aic,,,,,,,,26.0,-311.4901348993226,full_product,full_product
__ffnn_combo__,raw_no_vmd,,"(1, 11)",,,,,,,,,"target:[1, 11] | US_Retail:[1], PCE:[1, 2, 3, 4], US_Sentiment:[1, 2, 3, 4, 5, 6], Import_CN:[1, 2], USD_VND:[1, 2, 3, 4]","{'US_Retail': (1,), 'PCE': (1, 2, 3, 4), 'US_Sentiment': (1, 2, 3, 4, 5, 6), 'Import_CN': (1, 2), 'USD_VND': (1, 2, 3, 4)}",,,,,,,,aic,,,,,,,,27.0,-311.3760464482178,full_product,full_product
__ffnn_combo__,raw_no_vmd,,"(1, 11)",,,,,,,,,"target:[1, 11] | US_Retail:[1, 2], PCE:[1], US_Sentiment:[1, 2], Import_CN:[1, 2], USD_VND:[1, 2, 3]","{'US_Retail': (1, 2), 'PCE': (1,), 'US_Sentiment': (1, 2), 'Import_CN': (1, 2), 'USD_VND': (1, 2, 3)}",,,,,,,,aic,,,,,,,,28.0,-311.3312160362852,full_product,full_product
__ffnn_combo__,raw_no_vmd,,"(1, 11)",,,,,,,,,"target:[1, 11] | US_Retail:[1], PCE:[1, 2, 3, 4], US_Sentiment:[1, 2, 3, 4, 5, 6], Import_CN:[1, 2], USD_VND:[1, 2, 3, 4, 5, 6]","{'US_Retail': (1,), 'PCE': (1, 2, 3, 4), 'US_Sentiment': (1, 2, 3, 4, 5, 6), 'Import_CN': (1, 2), 'USD_VND': (1, 2, 3, 4, 5, 6)}",,,,,,,,aic,,,,,,,,29.0,-311.29313937392794,full_product,full_product
__ffnn_combo__,raw_no_vmd,,"(1, 11)",,,,,,,,,"target:[1, 11] | US_Retail:[1, 2, 3], PCE:[1], US_Sentiment:[1, 2], Import_CN:[1, 2], USD_VND:[1, 2, 3, 4]","{'US_Retail': (1, 2, 3), 'PCE': (1,), 'US_Sentiment': (1, 2), 'Import_CN': (1, 2), 'USD_VND': (1, 2, 3, 4)}",,,,,,,,aic,,,,,,,,30.0,-311.0753314180069,full_product,full_product
__ffnn_combo__,raw_no_vmd,,"(1, 11)",,,,,,,,,"target:[1, 11] | US_Retail:[1, 2, 3], PCE:[1], US_Sentiment:[1, 2, 3], Import_CN:[1, 2], USD_VND:[1, 2, 3]","{'US_Retail': (1, 2, 3), 'PCE': (1,), 'US_Sentiment': (1, 2, 3), 'Import_CN': (1, 2), 'USD_VND': (1, 2, 3)}",,,,,,,,aic,,,,,,,,31.0,-311.0325024140616,full_product,full_product
__ffnn_combo__,raw_no_vmd,,"(1, 11)",,,,,,,,,"target:[1, 11] | US_Retail:[1, 2, 3], PCE:[1], US_Sentiment:[1, 2], Import_CN:[1, 2], USD_VND:[1, 2, 3, 4, 5, 6]","{'US_Retail': (1, 2, 3), 'PCE': (1,), 'US_Sentiment': (1, 2), 'Import_CN': (1, 2), 'USD_VND': (1, 2, 3, 4, 5, 6)}",,,,,,,,aic,,,,,,,,32.0,-310.99242434371706,full_product,full_product
__ffnn_combo__,raw_no_vmd,,"(1, 11)",,,,,,,,,"target:[1, 11] | US_Retail:[1, 2, 3], PCE:[1], US_Sentiment:[1, 2, 3, 4, 5, 6], Import_CN:[1, 2], USD_VND:[1, 2, 3]","{'US_Retail': (1, 2, 3), 'PCE': (1,), 'US_Sentiment': (1, 2, 3, 4, 5, 6), 'Import_CN': (1, 2), 'USD_VND': (1, 2, 3)}",,,,,,,,aic,,,,,,,,33.0,-310.83550688866694,full_product,full_product
__ffnn_combo__,raw_no_vmd,,"(1, 11)",,,,,,,,,"target:[1, 11] | US_Retail:[1, 2], PCE:[1], US_Sentiment:[1, 2], Import_CN:[1, 2], USD_VND:[1, 2, 3, 4]","{'US_Retail': (1, 2), 'PCE': (1,), 'US_Sentiment': (1, 2), 'Import_CN': (1, 2), 'USD_VND': (1, 2, 3, 4)}",,,,,,,,aic,,,,,,,,34.0,-310.75922387740275,full_product,full_product
__ffnn_combo__,raw_no_vmd,,"(1, 11)",,,,,,,,,"target:[1, 11] | US_Retail:[1, 2, 3], PCE:[1, 2, 3], US_Sentiment:[1, 2], Import_CN:[1, 2], USD_VND:[1, 2, 3]","{'US_Retail': (1, 2, 3), 'PCE': (1, 2, 3), 'US_Sentiment': (1, 2), 'Import_CN': (1, 2), 'USD_VND': (1, 2, 3)}",,,,,,,,aic,,,,,,,,35.0,-310.751352992553,full_product,full_product
__ffnn_combo__,raw_no_vmd,,"(1, 11)",,,,,,,,,"target:[1, 11] | US_Retail:[1, 2], PCE:[1], US_Sentiment:[1, 2, 3], Import_CN:[1, 2], USD_VND:[1, 2, 3]","{'US_Retail': (1, 2), 'PCE': (1,), 'US_Sentiment': (1, 2, 3), 'Import_CN': (1, 2), 'USD_VND': (1, 2, 3)}",,,,,,,,aic,,,,,,,,36.0,-310.7163948734575,full_product,full_product
__ffnn_combo__,raw_no_vmd,,"(1, 11)",,,,,,,,,"target:[1, 11] | US_Retail:[1, 2], PCE:[1], US_Sentiment:[1, 2], Import_CN:[1, 2], USD_VND:[1, 2, 3, 4, 5, 6]","{'US_Retail': (1, 2), 'PCE': (1,), 'US_Sentiment': (1, 2), 'Import_CN': (1, 2), 'USD_VND': (1, 2, 3, 4, 5, 6)}",,,,,,,,aic,,,,,,,,37.0,-310.6763168031129,full_product,full_product
__ffnn_combo__,raw_no_vmd,,"(1, 11)",,,,,,,,,"target:[1, 11] | US_Retail:[1, 2], PCE:[1], US_Sentiment:[1, 2, 3, 4, 5, 6], Import_CN:[1, 2], USD_VND:[1, 2, 3]","{'US_Retail': (1, 2), 'PCE': (1,), 'US_Sentiment': (1, 2, 3, 4, 5, 6), 'Import_CN': (1, 2), 'USD_VND': (1, 2, 3)}",,,,,,,,aic,,,,,,,,38.0,-310.51939934806285,full_product,full_product
__ffnn_combo__,raw_no_vmd,,"(1, 11)",,,,,,,,,"target:[1, 11] | US_Retail:[1, 2, 3], PCE:[1], US_Sentiment:[1, 2, 3], Import_CN:[1, 2], USD_VND:[1, 2, 3, 4]","{'US_Retail': (1, 2, 3), 'PCE': (1,), 'US_Sentiment': (1, 2, 3), 'Import_CN': (1, 2), 'USD_VND': (1, 2, 3, 4)}",,,,,,,,aic,,,,,,,,39.0,-310.4605102551792,full_product,full_product
__ffnn_combo__,raw_no_vmd,,"(1, 11)",,,,,,,,,"target:[1, 11] | US_Retail:[1, 2], PCE:[1, 2, 3], US_Sentiment:[1, 2], Import_CN:[1, 2], USD_VND:[1, 2, 3]","{'US_Retail': (1, 2), 'PCE': (1, 2, 3), 'US_Sentiment': (1, 2), 'Import_CN': (1, 2), 'USD_VND': (1, 2, 3)}",,,,,,,,aic,,,,,,,,40.0,-310.43524545194884,full_product,full_product
__ffnn_combo__,raw_no_vmd,,"(1, 11)",,,,,,,,,"target:[1, 11] | US_Retail:[1, 2, 3], PCE:[1], US_Sentiment:[1, 2, 3], Import_CN:[1, 2], USD_VND:[1, 2, 3, 4, 5, 6]","{'US_Retail': (1, 2, 3), 'PCE': (1,), 'US_Sentiment': (1, 2, 3), 'Import_CN': (1, 2), 'USD_VND': (1, 2, 3, 4, 5, 6)}",,,,,,,,aic,,,,,,,,41.0,-310.3776031808893,full_product,full_product
__ffnn_combo__,raw_no_vmd,,"(1, 11)",,,,,,,,,"target:[1, 11] | US_Retail:[1, 2, 3], PCE:[1], US_Sentiment:[1, 2, 3, 4, 5, 6], Import_CN:[1, 2], USD_VND:[1, 2, 3, 4]","{'US_Retail': (1, 2, 3), 'PCE': (1,), 'US_Sentiment': (1, 2, 3, 4, 5, 6), 'Import_CN': (1, 2), 'USD_VND': (1, 2, 3, 4)}",,,,,,,,aic,,,,,,,,42.0,-310.26351472978456,full_product,full_product
__ffnn_combo__,raw_no_vmd,,"(1, 11)",,,,,,,,,"target:[1, 11] | US_Retail:[1, 2, 3], PCE:[1], US_Sentiment:[1, 2, 3, 4, 5, 6], Import_CN:[1, 2], USD_VND:[1, 2, 3, 4, 5, 6]","{'US_Retail': (1, 2, 3), 'PCE': (1,), 'US_Sentiment': (1, 2, 3, 4, 5, 6), 'Import_CN': (1, 2), 'USD_VND': (1, 2, 3, 4, 5, 6)}",,,,,,,,aic,,,,,,,,43.0,-310.18060765549467,full_product,full_product
__ffnn_combo__,raw_no_vmd,,"(1, 11)",,,,,,,,,"target:[1, 11] | US_Retail:[1, 2, 3], PCE:[1, 2, 3], US_Sentiment:[1, 2], Import_CN:[1, 2], USD_VND:[1, 2, 3, 4]","{'US_Retail': (1, 2, 3), 'PCE': (1, 2, 3), 'US_Sentiment': (1, 2), 'Import_CN': (1, 2), 'USD_VND': (1, 2, 3, 4)}",,,,,,,,aic,,,,,,,,44.0,-310.17936083367056,full_product,full_product
__ffnn_combo__,raw_no_vmd,,"(1, 11)",,,,,,,,,"target:[1, 11] | US_Retail:[1, 2], PCE:[1], US_Sentiment:[1, 2, 3], Import_CN:[1, 2], USD_VND:[1, 2, 3, 4]","{'US_Retail': (1, 2), 'PCE': (1,), 'US_Sentiment': (1, 2, 3), 'Import_CN': (1, 2), 'USD_VND': (1, 2, 3, 4)}",,,,,,,,aic,,,,,,,,45.0,-310.14440271457505,full_product,full_product
__ffnn_combo__,raw_no_vmd,,"(1, 11)",,,,,,,,,"target:[1, 11] | US_Retail:[1, 2, 3], PCE:[1, 2, 3], US_Sentiment:[1, 2, 3], Import_CN:[1, 2], USD_VND:[1, 2, 3]","{'US_Retail': (1, 2, 3), 'PCE': (1, 2, 3), 'US_Sentiment': (1, 2, 3), 'Import_CN': (1, 2), 'USD_VND': (1, 2, 3)}",,,,,,,,aic,,,,,,,,46.0,-310.1365318297253,full_product,full_product
__ffnn_combo__,raw_no_vmd,,"(1, 11)",,,,,,,,,"target:[1, 11] | US_Retail:[1, 2, 3], PCE:[1, 2, 3], US_Sentiment:[1, 2], Import_CN:[1, 2], USD_VND:[1, 2, 3, 4, 5, 6]","{'US_Retail': (1, 2, 3), 'PCE': (1, 2, 3), 'US_Sentiment': (1, 2), 'Import_CN': (1, 2), 'USD_VND': (1, 2, 3, 4, 5, 6)}",,,,,,,,aic,,,,,,,,47.0,-310.0964537593807,full_product,full_product
__ffnn_combo__,raw_no_vmd,,"(1, 11)",,,,,,,,,"target:[1, 11] | US_Retail:[1, 2], PCE:[1], US_Sentiment:[1, 2, 3], Import_CN:[1, 2], USD_VND:[1, 2, 3, 4, 5, 6]","{'US_Retail': (1, 2), 'PCE': (1,), 'US_Sentiment': (1, 2, 3), 'Import_CN': (1, 2), 'USD_VND': (1, 2, 3, 4, 5, 6)}",,,,,,,,aic,,,,,,,,48.0,-310.0614956402852,full_product,full_product
__ffnn_combo__,raw_no_vmd,,"(1, 11)",,,,,,,,,"target:[1, 11] | US_Retail:[1, 2], PCE:[1], US_Sentiment:[1, 2, 3, 4, 5, 6], Import_CN:[1, 2], USD_VND:[1, 2, 3, 4]","{'US_Retail': (1, 2), 'PCE': (1,), 'US_Sentiment': (1, 2, 3, 4, 5, 6), 'Import_CN': (1, 2), 'USD_VND': (1, 2, 3, 4)}",,,,,,,,aic,,,,,,,,49.0,-309.9474071891804,full_product,full_product
__ffnn_combo__,raw_no_vmd,,"(1, 11)",,,,,,,,,"target:[1, 11] | US_Retail:[1, 2, 3], PCE:[1, 2, 3], US_Sentiment:[1, 2, 3, 4, 5, 6], Import_CN:[1, 2], USD_VND:[1, 2, 3]","{'US_Retail': (1, 2, 3), 'PCE': (1, 2, 3), 'US_Sentiment': (1, 2, 3, 4, 5, 6), 'Import_CN': (1, 2), 'USD_VND': (1, 2, 3)}",,,,,,,,aic,,,,,,,,50.0,-309.9395363043306,full_product,full_product
__ffnn_combo__,raw_no_vmd,,"(1, 11)",,,,,,,,,"target:[1, 11] | US_Retail:[1, 2], PCE:[1], US_Sentiment:[1, 2, 3, 4, 5, 6], Import_CN:[1, 2], USD_VND:[1, 2, 3, 4, 5, 6]","{'US_Retail': (1, 2), 'PCE': (1,), 'US_Sentiment': (1, 2, 3, 4, 5, 6), 'Import_CN': (1, 2), 'USD_VND': (1, 2, 3, 4, 5, 6)}",,,,,,,,aic,,,,,,,,51.0,-309.8645001148906,full_product,full_product
__ffnn_combo__,raw_no_vmd,,"(1, 11)",,,,,,,,,"target:[1, 11] | US_Retail:[1, 2], PCE:[1, 2, 3], US_Sentiment:[1, 2], Import_CN:[1, 2], USD_VND:[1, 2, 3, 4]","{'US_Retail': (1, 2), 'PCE': (1, 2, 3), 'US_Sentiment': (1, 2), 'Import_CN': (1, 2), 'USD_VND': (1, 2, 3, 4)}",,,,,,,,aic,,,,,,,,52.0,-309.86325329306646,full_product,full_product
__ffnn_combo__,raw_no_vmd,,"(1, 11)",,,,,,,,,"target:[1, 11] | US_Retail:[1, 2], PCE:[1, 2, 3], US_Sentiment:[1, 2, 3], Import_CN:[1, 2], USD_VND:[1, 2, 3]","{'US_Retail': (1, 2), 'PCE': (1, 2, 3), 'US_Sentiment': (1, 2, 3), 'Import_CN': (1, 2), 'USD_VND': (1, 2, 3)}",,,,,,,,aic,,,,,,,,53.0,-309.82042428912115,full_product,full_product
__ffnn_combo__,raw_no_vmd,,"(1, 11)",,,,,,,,,"target:[1, 11] | US_Retail:[1, 2], PCE:[1, 2, 3], US_Sentiment:[1, 2], Import_CN:[1, 2], USD_VND:[1, 2, 3, 4, 5, 6]","{'US_Retail': (1, 2), 'PCE': (1, 2, 3), 'US_Sentiment': (1, 2), 'Import_CN': (1, 2), 'USD_VND': (1, 2, 3, 4, 5, 6)}",,,,,,,,aic,,,,,,,,54.0,-309.7803462187766,full_product,full_product
__ffnn_combo__,raw_no_vmd,,"(1, 11)",,,,,,,,,"target:[1, 11] | US_Retail:[1, 2], PCE:[1, 2, 3], US_Sentiment:[1, 2, 3, 4, 5, 6], Import_CN:[1, 2], USD_VND:[1, 2, 3]","{'US_Retail': (1, 2), 'PCE': (1, 2, 3), 'US_Sentiment': (1, 2, 3, 4, 5, 6), 'Import_CN': (1, 2), 'USD_VND': (1, 2, 3)}",,,,,,,,aic,,,,,,,,55.0,-309.62342876372645,full_product,full_product
__ffnn_combo__,raw_no_vmd,,"(1, 11)",,,,,,,,,"target:[1, 11] | US_Retail:[1, 2, 3], PCE:[1, 2, 3], US_Sentiment:[1, 2, 3], Import_CN:[1, 2], USD_VND:[1, 2, 3, 4]","{'US_Retail': (1, 2, 3), 'PCE': (1, 2, 3), 'US_Sentiment': (1, 2, 3), 'Import_CN': (1, 2), 'USD_VND': (1, 2, 3, 4)}",,,,,,,,aic,,,,,,,,56.0,-309.56453967084286,full_product,full_product
__ffnn_combo__,raw_no_vmd,,"(1, 11)",,,,,,,,,"target:[1, 11] | US_Retail:[1, 2, 3], PCE:[1, 2, 3], US_Sentiment:[1, 2, 3], Import_CN:[1, 2], USD_VND:[1, 2, 3, 4, 5, 6]","{'US_Retail': (1, 2, 3), 'PCE': (1, 2, 3), 'US_Sentiment': (1, 2, 3), 'Import_CN': (1, 2), 'USD_VND': (1, 2, 3, 4, 5, 6)}",,,,,,,,aic,,,,,,,,57.0,-309.481632596553,full_product,full_product
__ffnn_combo__,raw_no_vmd,,"(1, 11)",,,,,,,,,"target:[1, 11] | US_Retail:[1, 2, 3], PCE:[1, 2, 3], US_Sentiment:[1, 2, 3, 4, 5, 6], Import_CN:[1, 2], USD_VND:[1, 2, 3, 4]","{'US_Retail': (1, 2, 3), 'PCE': (1, 2, 3), 'US_Sentiment': (1, 2, 3, 4, 5, 6), 'Import_CN': (1, 2), 'USD_VND': (1, 2, 3, 4)}",,,,,,,,aic,,,,,,,,58.0,-309.36754414544816,full_product,full_product
__ffnn_combo__,raw_no_vmd,,"(1, 11)",,,,,,,,,"target:[1, 11] | US_Retail:[1, 2, 3], PCE:[1, 2, 3], US_Sentiment:[1, 2, 3, 4, 5, 6], Import_CN:[1, 2], USD_VND:[1, 2, 3, 4, 5, 6]","{'US_Retail': (1, 2, 3), 'PCE': (1, 2, 3), 'US_Sentiment': (1, 2, 3, 4, 5, 6), 'Import_CN': (1, 2), 'USD_VND': (1, 2, 3, 4, 5, 6)}",,,,,,,,aic,,,,,,,,59.0,-309.28463707115833,full_product,full_product
__ffnn_combo__,raw_no_vmd,,"(1, 11)",,,,,,,,,"target:[1, 11] | US_Retail:[1, 2], PCE:[1, 2, 3], US_Sentiment:[1, 2, 3], Import_CN:[1, 2], USD_VND:[1, 2, 3, 4]","{'US_Retail': (1, 2), 'PCE': (1, 2, 3), 'US_Sentiment': (1, 2, 3), 'Import_CN': (1, 2), 'USD_VND': (1, 2, 3, 4)}",,,,,,,,aic,,,,,,,,60.0,-309.2484321302387,full_product,full_product
__ffnn_combo__,raw_no_vmd,,"(1, 11)",,,,,,,,,"target:[1, 11] | US_Retail:[1, 2], PCE:[1, 2, 3], US_Sentiment:[1, 2, 3], Import_CN:[1, 2], USD_VND:[1, 2, 3, 4, 5, 6]","{'US_Retail': (1, 2), 'PCE': (1, 2, 3), 'US_Sentiment': (1, 2, 3), 'Import_CN': (1, 2), 'USD_VND': (1, 2, 3, 4, 5, 6)}",,,,,,,,aic,,,,,,,,61.0,-309.1655250559489,full_product,full_product
__ffnn_combo__,raw_no_vmd,,"(1, 11)",,,,,,,,,"target:[1, 11] | US_Retail:[1, 2], PCE:[1, 2, 3], US_Sentiment:[1, 2, 3, 4, 5, 6], Import_CN:[1, 2], USD_VND:[1, 2, 3, 4]","{'US_Retail': (1, 2), 'PCE': (1, 2, 3), 'US_Sentiment': (1, 2, 3, 4, 5, 6), 'Import_CN': (1, 2), 'USD_VND': (1, 2, 3, 4)}",,,,,,,,aic,,,,,,,,62.0,-309.05143660484407,full_product,full_product
__ffnn_combo__,raw_no_vmd,,"(1, 11)",,,,,,,,,"target:[1, 11] | US_Retail:[1, 2], PCE:[1, 2, 3], US_Sentiment:[1, 2, 3, 4, 5, 6], Import_CN:[1, 2], USD_VND:[1, 2, 3, 4, 5, 6]","{'US_Retail': (1, 2), 'PCE': (1, 2, 3), 'US_Sentiment': (1, 2, 3, 4, 5, 6), 'Import_CN': (1, 2), 'USD_VND': (1, 2, 3, 4, 5, 6)}",,,,,,,,aic,,,,,,,,63.0,-308.9685295305542,full_product,full_product
__ffnn_combo__,raw_no_vmd,,"(1, 11)",,,,,,,,,"target:[1, 11] | US_Retail:[1, 2, 3], PCE:[1, 2, 3, 4], US_Sentiment:[1, 2], Import_CN:[1, 2], USD_VND:[1, 2, 3]","{'US_Retail': (1, 2, 3), 'PCE': (1, 2, 3, 4), 'US_Sentiment': (1, 2), 'Import_CN': (1, 2), 'USD_VND': (1, 2, 3)}",,,,,,,,aic,,,,,,,,64.0,-308.9393692172994,full_product,full_product
__ffnn_combo__,raw_no_vmd,,"(1, 11)",,,,,,,,,"target:[1, 11] | US_Retail:[1, 2], PCE:[1, 2, 3, 4], US_Sentiment:[1, 2], Import_CN:[1, 2], USD_VND:[1, 2, 3]","{'US_Retail': (1, 2), 'PCE': (1, 2, 3, 4), 'US_Sentiment': (1, 2), 'Import_CN': (1, 2), 'USD_VND': (1, 2, 3)}",,,,,,,,aic,,,,,,,,65.0,-308.6232616766952,full_product,full_product
__ffnn_combo__,raw_no_vmd,,"(1, 11)",,,,,,,,,"target:[1, 11] | US_Retail:[1, 2, 3], PCE:[1, 2, 3, 4], US_Sentiment:[1, 2], Import_CN:[1, 2], USD_VND:[1, 2, 3, 4]","{'US_Retail': (1, 2, 3), 'PCE': (1, 2, 3, 4), 'US_Sentiment': (1, 2), 'Import_CN': (1, 2), 'USD_VND': (1, 2, 3, 4)}",,,,,,,,aic,,,,,,,,66.0,-308.36737705841693,full_product,full_product
__ffnn_combo__,raw_no_vmd,,"(1, 11)",,,,,,,,,"target:[1, 11] | US_Retail:[1], PCE:[1], US_Sentiment:[1, 2], Import_CN:[1], USD_VND:[1, 2, 3]","{'US_Retail': (1,), 'PCE': (1,), 'US_Sentiment': (1, 2), 'Import_CN': (1,), 'USD_VND': (1, 2, 3)}",,,,,,,,aic,,,,,,,,67.0,-308.3566872086465,full_product,full_product
__ffnn_combo__,raw_no_vmd,,"(1, 11)",,,,,,,,,"target:[1, 11] | US_Retail:[1, 2, 3], PCE:[1, 2, 3, 4], US_Sentiment:[1, 2, 3], Import_CN:[1, 2], USD_VND:[1, 2, 3]","{'US_Retail': (1, 2, 3), 'PCE': (1, 2, 3, 4), 'US_Sentiment': (1, 2, 3), 'Import_CN': (1, 2), 'USD_VND': (1, 2, 3)}",,,,,,,,aic,,,,,,,,68.0,-308.3245480544716,full_product,full_product
__ffnn_combo__,raw_no_vmd,,"(1, 11)",,,,,,,,,"target:[1, 11] | US_Retail:[1, 2, 3], PCE:[1, 2, 3, 4], US_Sentiment:[1, 2], Import_CN:[1, 2], USD_VND:[1, 2, 3, 4, 5, 6]","{'US_Retail': (1, 2, 3), 'PCE': (1, 2, 3, 4), 'US_Sentiment': (1, 2), 'Import_CN': (1, 2), 'USD_VND': (1, 2, 3, 4, 5, 6)}",,,,,,,,aic,,,,,,,,69.0,-308.2844699841271,full_product,full_product
__ffnn_combo__,raw_no_vmd,,"(1, 11)",,,,,,,,,"target:[1, 11] | US_Retail:[1], PCE:[1], US_Sentiment:[1, 2], Import_CN:[1, 2, 3, 4, 5, 6], USD_VND:[1, 2, 3]","{'US_Retail': (1,), 'PCE': (1,), 'US_Sentiment': (1, 2), 'Import_CN': (1, 2, 3, 4, 5, 6), 'USD_VND': (1, 2, 3)}",,,,,,,,aic,,,,,,,,70.0,-308.1644068983222,full_product,full_product
__ffnn_combo__,raw_no_vmd,,"(1, 11)",,,,,,,,,"target:[1, 11] | US_Retail:[1, 2, 3], PCE:[1, 2, 3, 4], US_Sentiment:[1, 2, 3, 4, 5, 6], Import_CN:[1, 2], USD_VND:[1, 2, 3]","{'US_Retail': (1, 2, 3), 'PCE': (1, 2, 3, 4), 'US_Sentiment': (1, 2, 3, 4, 5, 6), 'Import_CN': (1, 2), 'USD_VND': (1, 2, 3)}",,,,,,,,aic,,,,,,,,71.0,-308.127552529077,full_product,full_product
__ffnn_combo__,raw_no_vmd,,"(1, 11)",,,,,,,,,"target:[1, 11] | US_Retail:[1, 2], PCE:[1, 2, 3, 4], US_Sentiment:[1, 2], Import_CN:[1, 2], USD_VND:[1, 2, 3, 4]","{'US_Retail': (1, 2), 'PCE': (1, 2, 3, 4), 'US_Sentiment': (1, 2), 'Import_CN': (1, 2), 'USD_VND': (1, 2, 3, 4)}",,,,,,,,aic,,,,,,,,72.0,-308.0512695178128,full_product,full_product
__ffnn_combo__,raw_no_vmd,,"(1, 11)",,,,,,,,,"target:[1, 11] | US_Retail:[1, 2], PCE:[1, 2, 3, 4], US_Sentiment:[1, 2, 3], Import_CN:[1, 2], USD_VND:[1, 2, 3]","{'US_Retail': (1, 2), 'PCE': (1, 2, 3, 4), 'US_Sentiment': (1, 2, 3), 'Import_CN': (1, 2), 'USD_VND': (1, 2, 3)}",,,,,,,,aic,,,,,,,,73.0,-308.0084405138675,full_product,full_product
__ffnn_combo__,raw_no_vmd,,"(1, 11)",,,,,,,,,"target:[1, 11] | US_Retail:[1, 2], PCE:[1, 2, 3, 4], US_Sentiment:[1, 2], Import_CN:[1, 2], USD_VND:[1, 2, 3, 4, 5, 6]","{'US_Retail': (1, 2), 'PCE': (1, 2, 3, 4), 'US_Sentiment': (1, 2), 'Import_CN': (1, 2), 'USD_VND': (1, 2, 3, 4, 5, 6)}",,,,,,,,aic,,,,,,,,74.0,-307.96836244352295,full_product,full_product
__ffnn_combo__,raw_no_vmd,,"(1, 11)",,,,,,,,,"target:[1, 11] | US_Retail:[1, 2], PCE:[1, 2, 3, 4], US_Sentiment:[1, 2, 3, 4, 5, 6], Import_CN:[1, 2], USD_VND:[1, 2, 3]","{'US_Retail': (1, 2), 'PCE': (1, 2, 3, 4), 'US_Sentiment': (1, 2, 3, 4, 5, 6), 'Import_CN': (1, 2), 'USD_VND': (1, 2, 3)}",,,,,,,,aic,,,,,,,,75.0,-307.81144498847283,full_product,full_product
__ffnn_combo__,raw_no_vmd,,"(1, 11)",,,,,,,,,"target:[1, 11] | US_Retail:[1], PCE:[1], US_Sentiment:[1, 2], Import_CN:[1], USD_VND:[1, 2, 3, 4]","{'US_Retail': (1,), 'PCE': (1,), 'US_Sentiment': (1, 2), 'Import_CN': (1,), 'USD_VND': (1, 2, 3, 4)}",,,,,,,,aic,,,,,,,,76.0,-307.7846950497641,full_product,full_product
__ffnn_combo__,raw_no_vmd,,"(1, 11)",,,,,,,,,"target:[1, 11] | US_Retail:[1, 2, 3], PCE:[1, 2, 3, 4], US_Sentiment:[1, 2, 3], Import_CN:[1, 2], USD_VND:[1, 2, 3, 4]","{'US_Retail': (1, 2, 3), 'PCE': (1, 2, 3, 4), 'US_Sentiment': (1, 2, 3), 'Import_CN': (1, 2), 'USD_VND': (1, 2, 3, 4)}",,,,,,,,aic,,,,,,,,77.0,-307.75255589558924,full_product,full_product
__ffnn_combo__,raw_no_vmd,,"(1, 11)",,,,,,,,,"target:[1, 11] | US_Retail:[1], PCE:[1], US_Sentiment:[1, 2, 3], Import_CN:[1], USD_VND:[1, 2, 3]","{'US_Retail': (1,), 'PCE': (1,), 'US_Sentiment': (1, 2, 3), 'Import_CN': (1,), 'USD_VND': (1, 2, 3)}",,,,,,,,aic,,,,,,,,78.0,-307.7418660458188,full_product,full_product
__ffnn_combo__,raw_no_vmd,,"(1, 11)",,,,,,,,,"target:[1, 11] | US_Retail:[1], PCE:[1], US_Sentiment:[1, 2], Import_CN:[1], USD_VND:[1, 2, 3, 4, 5, 6]","{'US_Retail': (1,), 'PCE': (1,), 'US_Sentiment': (1, 2), 'Import_CN': (1,), 'USD_VND': (1, 2, 3, 4, 5, 6)}",,,,,,,,aic,,,,,,,,79.0,-307.70178797547425,full_product,full_product
__ffnn_combo__,raw_no_vmd,,"(1, 11)",,,,,,,,,"target:[1, 11] | US_Retail:[1, 2, 3], PCE:[1, 2, 3, 4], US_Sentiment:[1, 2, 3], Import_CN:[1, 2], USD_VND:[1, 2, 3, 4, 5, 6]","{'US_Retail': (1, 2, 3), 'PCE': (1, 2, 3, 4), 'US_Sentiment': (1, 2, 3), 'Import_CN': (1, 2), 'USD_VND': (1, 2, 3, 4, 5, 6)}",,,,,,,,aic,,,,,,,,80.0,-307.66964882129935,full_product,full_product
__ffnn_combo__,raw_no_vmd,,"(1, 11)",,,,,,,,,"target:[1, 11] | US_Retail:[1], PCE:[1], US_Sentiment:[1, 2], Import_CN:[1, 2, 3, 4, 5, 6], USD_VND:[1, 2, 3, 4]","{'US_Retail': (1,), 'PCE': (1,), 'US_Sentiment': (1, 2), 'Import_CN': (1, 2, 3, 4, 5, 6), 'USD_VND': (1, 2, 3, 4)}",,,,,,,,aic,,,,,,,,81.0,-307.5924147394398,full_product,full_product
__ffnn_combo__,raw_no_vmd,,"(1, 11)",,,,,,,,,"target:[1, 11] | US_Retail:[1, 2, 3], PCE:[1, 2, 3, 4], US_Sentiment:[1, 2, 3, 4, 5, 6], Import_CN:[1, 2], USD_VND:[1, 2, 3, 4]","{'US_Retail': (1, 2, 3), 'PCE': (1, 2, 3, 4), 'US_Sentiment': (1, 2, 3, 4, 5, 6), 'Import_CN': (1, 2), 'USD_VND': (1, 2, 3, 4)}",,,,,,,,aic,,,,,,,,82.0,-307.55556037019454,full_product,full_product
__ffnn_combo__,raw_no_vmd,,"(1, 11)",,,,,,,,,"target:[1, 11] | US_Retail:[1], PCE:[1], US_Sentiment:[1, 2, 3], Import_CN:[1, 2, 3, 4, 5, 6], USD_VND:[1, 2, 3]","{'US_Retail': (1,), 'PCE': (1,), 'US_Sentiment': (1, 2, 3), 'Import_CN': (1, 2, 3, 4, 5, 6), 'USD_VND': (1, 2, 3)}",,,,,,,,aic,,,,,,,,83.0,-307.5495857354945,full_product,full_product
__ffnn_combo__,raw_no_vmd,,"(1, 11)",,,,,,,,,"target:[1, 11] | US_Retail:[1], PCE:[1], US_Sentiment:[1, 2, 3, 4, 5, 6], Import_CN:[1], USD_VND:[1, 2, 3]","{'US_Retail': (1,), 'PCE': (1,), 'US_Sentiment': (1, 2, 3, 4, 5, 6), 'Import_CN': (1,), 'USD_VND': (1, 2, 3)}",,,,,,,,aic,,,,,,,,84.0,-307.5448705204241,full_product,full_product
__ffnn_combo__,raw_no_vmd,,"(1, 11)",,,,,,,,,"target:[1, 11] | US_Retail:[1], PCE:[1], US_Sentiment:[1, 2], Import_CN:[1, 2, 3, 4, 5, 6], USD_VND:[1, 2, 3, 4, 5, 6]","{'US_Retail': (1,), 'PCE': (1,), 'US_Sentiment': (1, 2), 'Import_CN': (1, 2, 3, 4, 5, 6), 'USD_VND': (1, 2, 3, 4, 5, 6)}",,,,,,,,aic,,,,,,,,85.0,-307.50950766514995,full_product,full_product
__ffnn_combo__,raw_no_vmd,,"(1, 11)",,,,,,,,,"target:[1, 11] | US_Retail:[1, 2, 3], PCE:[1, 2, 3, 4], US_Sentiment:[1, 2, 3, 4, 5, 6], Import_CN:[1, 2], USD_VND:[1, 2, 3, 4, 5, 6]","{'US_Retail': (1, 2, 3), 'PCE': (1, 2, 3, 4), 'US_Sentiment': (1, 2, 3, 4, 5, 6), 'Import_CN': (1, 2), 'USD_VND': (1, 2, 3, 4, 5, 6)}",,,,,,,,aic,,,,,,,,86.0,-307.4726532959047,full_product,full_product
__ffnn_combo__,raw_no_vmd,,"(1, 11)",,,,,,,,,"target:[1, 11] | US_Retail:[1], PCE:[1, 2, 3], US_Sentiment:[1, 2], Import_CN:[1], USD_VND:[1, 2, 3]","{'US_Retail': (1,), 'PCE': (1, 2, 3), 'US_Sentiment': (1, 2), 'Import_CN': (1,), 'USD_VND': (1, 2, 3)}",,,,,,,,aic,,,,,,,,87.0,-307.4607166243102,full_product,full_product
__ffnn_combo__,raw_no_vmd,,"(1, 11)",,,,,,,,,"target:[1, 11] | US_Retail:[1, 2], PCE:[1, 2, 3, 4], US_Sentiment:[1, 2, 3], Import_CN:[1, 2], USD_VND:[1, 2, 3, 4]","{'US_Retail': (1, 2), 'PCE': (1, 2, 3, 4), 'US_Sentiment': (1, 2, 3), 'Import_CN': (1, 2), 'USD_VND': (1, 2, 3, 4)}",,,,,,,,aic,,,,,,,,88.0,-307.4364483549851,full_product,full_product
__ffnn_combo__,raw_no_vmd,,"(1, 11)",,,,,,,,,"target:[1, 11] | US_Retail:[1, 2], PCE:[1, 2, 3, 4], US_Sentiment:[1, 2, 3], Import_CN:[1, 2], USD_VND:[1, 2, 3, 4, 5, 6]","{'US_Retail': (1, 2), 'PCE': (1, 2, 3, 4), 'US_Sentiment': (1, 2, 3), 'Import_CN': (1, 2), 'USD_VND': (1, 2, 3, 4, 5, 6)}",,,,,,,,aic,,,,,,,,89.0,-307.35354128069525,full_product,full_product
__ffnn_combo__,raw_no_vmd,,"(1, 11)",,,,,,,,,"target:[1, 11] | US_Retail:[1], PCE:[1], US_Sentiment:[1, 2, 3, 4, 5, 6], Import_CN:[1, 2, 3, 4, 5, 6], USD_VND:[1, 2, 3]","{'US_Retail': (1,), 'PCE': (1,), 'US_Sentiment': (1, 2, 3, 4, 5, 6), 'Import_CN': (1, 2, 3, 4, 5, 6), 'USD_VND': (1, 2, 3)}",,,,,,,,aic,,,,,,,,90.0,-307.35259021009983,full_product,full_product
__ffnn_combo__,raw_no_vmd,,"(1, 11)",,,,,,,,,"target:[1, 11] | US_Retail:[1], PCE:[1, 2, 3], US_Sentiment:[1, 2], Import_CN:[1, 2, 3, 4, 5, 6], USD_VND:[1, 2, 3]","{'US_Retail': (1,), 'PCE': (1, 2, 3), 'US_Sentiment': (1, 2), 'Import_CN': (1, 2, 3, 4, 5, 6), 'USD_VND': (1, 2, 3)}",,,,,,,,aic,,,,,,,,91.0,-307.26843631398583,full_product,full_product
__ffnn_combo__,raw_no_vmd,,"(1, 11)",,,,,,,,,"target:[1, 11] | US_Retail:[1, 2], PCE:[1, 2, 3, 4], US_Sentiment:[1, 2, 3, 4, 5, 6], Import_CN:[1, 2], USD_VND:[1, 2, 3, 4]","{'US_Retail': (1, 2), 'PCE': (1, 2, 3, 4), 'US_Sentiment': (1, 2, 3, 4, 5, 6), 'Import_CN': (1, 2), 'USD_VND': (1, 2, 3, 4)}",,,,,,,,aic,,,,,,,,92.0,-307.2394528295904,full_product,full_product
__ffnn_combo__,raw_no_vmd,,"(1, 11)",,,,,,,,,"target:[1, 11] | US_Retail:[1], PCE:[1], US_Sentiment:[1, 2, 3], Import_CN:[1], USD_VND:[1, 2, 3, 4]","{'US_Retail': (1,), 'PCE': (1,), 'US_Sentiment': (1, 2, 3), 'Import_CN': (1,), 'USD_VND': (1, 2, 3, 4)}",,,,,,,,aic,,,,,,,,93.0,-307.1698738869364,full_product,full_product
__ffnn_combo__,raw_no_vmd,,"(1, 11)",,,,,,,,,"target:[1, 11] | US_Retail:[1, 2], PCE:[1, 2, 3, 4], US_Sentiment:[1, 2, 3, 4, 5, 6], Import_CN:[1, 2], USD_VND:[1, 2, 3, 4, 5, 6]","{'US_Retail': (1, 2), 'PCE': (1, 2, 3, 4), 'US_Sentiment': (1, 2, 3, 4, 5, 6), 'Import_CN': (1, 2), 'USD_VND': (1, 2, 3, 4, 5, 6)}",,,,,,,,aic,,,,,,,,94.0,-307.15654575530056,full_product,full_product
__ffnn_combo__,raw_no_vmd,,"(1, 11)",,,,,,,,,"target:[1, 11] | US_Retail:[1], PCE:[1], US_Sentiment:[1, 2, 3], Import_CN:[1], USD_VND:[1, 2, 3, 4, 5, 6]","{'US_Retail': (1,), 'PCE': (1,), 'US_Sentiment': (1, 2, 3), 'Import_CN': (1,), 'USD_VND': (1, 2, 3, 4, 5, 6)}",,,,,,,,aic,,,,,,,,95.0,-307.08696681264655,full_product,full_product
__ffnn_combo__,raw_no_vmd,,"(1, 11)",,,,,,,,,"target:[1, 11] | US_Retail:[1], PCE:[1], US_Sentiment:[1, 2, 3], Import_CN:[1, 2, 3, 4, 5, 6], USD_VND:[1, 2, 3, 4]","{'US_Retail': (1,), 'PCE': (1,), 'US_Sentiment': (1, 2, 3), 'Import_CN': (1, 2, 3, 4, 5, 6), 'USD_VND': (1, 2, 3, 4)}",,,,,,,,aic,,,,,,,,96.0,-306.97759357661204,full_product,full_product
__ffnn_combo__,raw_no_vmd,,"(1, 11)",,,,,,,,,"target:[1, 11] | US_Retail:[1], PCE:[1], US_Sentiment:[1, 2, 3, 4, 5, 6], Import_CN:[1], USD_VND:[1, 2, 3, 4]","{'US_Retail': (1,), 'PCE': (1,), 'US_Sentiment': (1, 2, 3, 4, 5, 6), 'Import_CN': (1,), 'USD_VND': (1, 2, 3, 4)}",,,,,,,,aic,,,,,,,,97.0,-306.9728783615417,full_product,full_product
__ffnn_combo__,raw_no_vmd,,"(1, 11)",,,,,,,,,"target:[1, 11] | US_Retail:[1], PCE:[1], US_Sentiment:[1, 2, 3], Import_CN:[1, 2, 3, 4, 5, 6], USD_VND:[1, 2, 3, 4, 5, 6]","{'US_Retail': (1,), 'PCE': (1,), 'US_Sentiment': (1, 2, 3), 'Import_CN': (1, 2, 3, 4, 5, 6), 'USD_VND': (1, 2, 3, 4, 5, 6)}",,,,,,,,aic,,,,,,,,98.0,-306.8946865023222,full_product,full_product
__ffnn_combo__,raw_no_vmd,,"(1, 11)",,,,,,,,,"target:[1, 11] | US_Retail:[1], PCE:[1], US_Sentiment:[1, 2, 3, 4, 5, 6], Import_CN:[1], USD_VND:[1, 2, 3, 4, 5, 6]","{'US_Retail': (1,), 'PCE': (1,), 'US_Sentiment': (1, 2, 3, 4, 5, 6), 'Import_CN': (1,), 'USD_VND': (1, 2, 3, 4, 5, 6)}",,,,,,,,aic,,,,,,,,99.0,-306.88997128725185,full_product,full_product
__ffnn_combo__,raw_no_vmd,,"(1, 11)",,,,,,,,,"target:[1, 11] | US_Retail:[1], PCE:[1, 2, 3], US_Sentiment:[1, 2], Import_CN:[1], USD_VND:[1, 2, 3, 4]","{'US_Retail': (1,), 'PCE': (1, 2, 3), 'US_Sentiment': (1, 2), 'Import_CN': (1,), 'USD_VND': (1, 2, 3, 4)}",,,,,,,,aic,,,,,,,,100.0,-306.88872446542774,full_product,full_product
__ffnn_combo__,raw_no_vmd,,"(1, 11)",,,,,,,,,"target:[1, 11] | US_Retail:[1], PCE:[1, 2, 3], US_Sentiment:[1, 2, 3], Import_CN:[1], USD_VND:[1, 2, 3]","{'US_Retail': (1,), 'PCE': (1, 2, 3), 'US_Sentiment': (1, 2, 3), 'Import_CN': (1,), 'USD_VND': (1, 2, 3)}",,,,,,,,aic,,,,,,,,101.0,-306.8458954614824,full_product,full_product
__ffnn_combo__,raw_no_vmd,,"(1, 11)",,,,,,,,,"target:[1, 11] | US_Retail:[1], PCE:[1, 2, 3], US_Sentiment:[1, 2], Import_CN:[1], USD_VND:[1, 2, 3, 4, 5, 6]","{'US_Retail': (1,), 'PCE': (1, 2, 3), 'US_Sentiment': (1, 2), 'Import_CN': (1,), 'USD_VND': (1, 2, 3, 4, 5, 6)}",,,,,,,,aic,,,,,,,,102.0,-306.8058173911379,full_product,full_product
__ffnn_combo__,raw_no_vmd,,"(1, 11)",,,,,,,,,"target:[1, 11] | US_Retail:[1], PCE:[1], US_Sentiment:[1, 2, 3, 4, 5, 6], Import_CN:[1, 2, 3, 4, 5, 6], USD_VND:[1, 2, 3, 4]","{'US_Retail': (1,), 'PCE': (1,), 'US_Sentiment': (1, 2, 3, 4, 5, 6), 'Import_CN': (1, 2, 3, 4, 5, 6), 'USD_VND': (1, 2, 3, 4)}",,,,,,,,aic,,,,,,,,103.0,-306.7805980512174,full_product,full_product
__ffnn_combo__,raw_no_vmd,,"(1, 11)",,,,,,,,,"target:[1, 11] | US_Retail:[1], PCE:[1], US_Sentiment:[1, 2, 3, 4, 5, 6], Import_CN:[1, 2, 3, 4, 5, 6], USD_VND:[1, 2, 3, 4, 5, 6]","{'US_Retail': (1,), 'PCE': (1,), 'US_Sentiment': (1, 2, 3, 4, 5, 6), 'Import_CN': (1, 2, 3, 4, 5, 6), 'USD_VND': (1, 2, 3, 4, 5, 6)}",,,,,,,,aic,,,,,,,,104.0,-306.69769097692756,full_product,full_product
__ffnn_combo__,raw_no_vmd,,"(1, 11)",,,,,,,,,"target:[1, 11] | US_Retail:[1], PCE:[1, 2, 3], US_Sentiment:[1, 2], Import_CN:[1, 2, 3, 4, 5, 6], USD_VND:[1, 2, 3, 4]","{'US_Retail': (1,), 'PCE': (1, 2, 3), 'US_Sentiment': (1, 2), 'Import_CN': (1, 2, 3, 4, 5, 6), 'USD_VND': (1, 2, 3, 4)}",,,,,,,,aic,,,,,,,,105.0,-306.69644415510345,full_product,full_product
__ffnn_combo__,raw_no_vmd,,"(1, 11)",,,,,,,,,"target:[1, 11] | US_Retail:[1], PCE:[1, 2, 3], US_Sentiment:[1, 2, 3], Import_CN:[1, 2, 3, 4, 5, 6], USD_VND:[1, 2, 3]","{'US_Retail': (1,), 'PCE': (1, 2, 3), 'US_Sentiment': (1, 2, 3), 'Import_CN': (1, 2, 3, 4, 5, 6), 'USD_VND': (1, 2, 3)}",,,,,,,,aic,,,,,,,,106.0,-306.65361515115814,full_product,full_product
__ffnn_combo__,raw_no_vmd,,"(1, 11)",,,,,,,,,"target:[1, 11] | US_Retail:[1], PCE:[1, 2, 3], US_Sentiment:[1, 2, 3, 4, 5, 6], Import_CN:[1], USD_VND:[1, 2, 3]","{'US_Retail': (1,), 'PCE': (1, 2, 3), 'US_Sentiment': (1, 2, 3, 4, 5, 6), 'Import_CN': (1,), 'USD_VND': (1, 2, 3)}",,,,,,,,aic,,,,,,,,107.0,-306.6488999360878,full_product,full_product
__ffnn_combo__,raw_no_vmd,,"(1, 11)",,,,,,,,,"target:[1, 11] | US_Retail:[1], PCE:[1, 2, 3], US_Sentiment:[1, 2], Import_CN:[1, 2, 3, 4, 5, 6], USD_VND:[1, 2, 3, 4, 5, 6]","{'US_Retail': (1,), 'PCE': (1, 2, 3), 'US_Sentiment': (1, 2), 'Import_CN': (1, 2, 3, 4, 5, 6), 'USD_VND': (1, 2, 3, 4, 5, 6)}",,,,,,,,aic,,,,,,,,108.0,-306.61353708081356,full_product,full_product
__ffnn_combo__,raw_no_vmd,,"(1, 11)",,,,,,,,,"target:[1, 11] | US_Retail:[1], PCE:[1, 2, 3], US_Sentiment:[1, 2, 3, 4, 5, 6], Import_CN:[1, 2, 3, 4, 5, 6], USD_VND:[1, 2, 3]","{'US_Retail': (1,), 'PCE': (1, 2, 3), 'US_Sentiment': (1, 2, 3, 4, 5, 6), 'Import_CN': (1, 2, 3, 4, 5, 6), 'USD_VND': (1, 2, 3)}",,,,,,,,aic,,,,,,,,109.0,-306.4566196257635,full_product,full_product
__ffnn_combo__,raw_no_vmd,,"(1, 11)",,,,,,,,,"target:[1, 11] | US_Retail:[1], PCE:[1, 2, 3], US_Sentiment:[1, 2, 3], Import_CN:[1], USD_VND:[1, 2, 3, 4]","{'US_Retail': (1,), 'PCE': (1, 2, 3), 'US_Sentiment': (1, 2, 3), 'Import_CN': (1,), 'USD_VND': (1, 2, 3, 4)}",,,,,,,,aic,,,,,,,,110.0,-306.27390330260005,full_product,full_product
__ffnn_combo__,raw_no_vmd,,"(1, 11)",,,,,,,,,"target:[1, 11] | US_Retail:[1], PCE:[1, 2, 3], US_Sentiment:[1, 2, 3], Import_CN:[1], USD_VND:[1, 2, 3, 4, 5, 6]","{'US_Retail': (1,), 'PCE': (1, 2, 3), 'US_Sentiment': (1, 2, 3), 'Import_CN': (1,), 'USD_VND': (1, 2, 3, 4, 5, 6)}",,,,,,,,aic,,,,,,,,111.0,-306.19099622831015,full_product,full_product
__ffnn_combo__,raw_no_vmd,,"(1, 11)",,,,,,,,,"target:[1, 11] | US_Retail:[1], PCE:[1, 2, 3], US_Sentiment:[1, 2, 3], Import_CN:[1, 2, 3, 4, 5, 6], USD_VND:[1, 2, 3, 4]","{'US_Retail': (1,), 'PCE': (1, 2, 3), 'US_Sentiment': (1, 2, 3), 'Import_CN': (1, 2, 3, 4, 5, 6), 'USD_VND': (1, 2, 3, 4)}",,,,,,,,aic,,,,,,,,112.0,-306.0816229922757,full_product,full_product
__ffnn_combo__,raw_no_vmd,,"(1, 11)",,,,,,,,,"target:[1, 11] | US_Retail:[1], PCE:[1, 2, 3], US_Sentiment:[1, 2, 3, 4, 5, 6], Import_CN:[1], USD_VND:[1, 2, 3, 4]","{'US_Retail': (1,), 'PCE': (1, 2, 3), 'US_Sentiment': (1, 2, 3, 4, 5, 6), 'Import_CN': (1,), 'USD_VND': (1, 2, 3, 4)}",,,,,,,,aic,,,,,,,,113.0,-306.0769077772054,full_product,full_product
__ffnn_combo__,raw_no_vmd,,"(1, 11)",,,,,,,,,"target:[1, 11] | US_Retail:[1], PCE:[1, 2, 3], US_Sentiment:[1, 2, 3], Import_CN:[1, 2, 3, 4, 5, 6], USD_VND:[1, 2, 3, 4, 5, 6]","{'US_Retail': (1,), 'PCE': (1, 2, 3), 'US_Sentiment': (1, 2, 3), 'Import_CN': (1, 2, 3, 4, 5, 6), 'USD_VND': (1, 2, 3, 4, 5, 6)}",,,,,,,,aic,,,,,,,,114.0,-305.99871591798586,full_product,full_product
__ffnn_combo__,raw_no_vmd,,"(1, 11)",,,,,,,,,"target:[1, 11] | US_Retail:[1], PCE:[1, 2, 3], US_Sentiment:[1, 2, 3, 4, 5, 6], Import_CN:[1], USD_VND:[1, 2, 3, 4, 5, 6]","{'US_Retail': (1,), 'PCE': (1, 2, 3), 'US_Sentiment': (1, 2, 3, 4, 5, 6), 'Import_CN': (1,), 'USD_VND': (1, 2, 3, 4, 5, 6)}",,,,,,,,aic,,,,,,,,115.0,-305.9940007029155,full_product,full_product
__ffnn_combo__,raw_no_vmd,,"(1, 11)",,,,,,,,,"target:[1, 11] | US_Retail:[1], PCE:[1, 2, 3], US_Sentiment:[1, 2, 3, 4, 5, 6], Import_CN:[1, 2, 3, 4, 5, 6], USD_VND:[1, 2, 3, 4]","{'US_Retail': (1,), 'PCE': (1, 2, 3), 'US_Sentiment': (1, 2, 3, 4, 5, 6), 'Import_CN': (1, 2, 3, 4, 5, 6), 'USD_VND': (1, 2, 3, 4)}",,,,,,,,aic,,,,,,,,116.0,-305.88462746688106,full_product,full_product
__ffnn_combo__,raw_no_vmd,,"(1, 11)",,,,,,,,,"target:[1, 11] | US_Retail:[1], PCE:[1, 2, 3], US_Sentiment:[1, 2, 3, 4, 5, 6], Import_CN:[1, 2, 3, 4, 5, 6], USD_VND:[1, 2, 3, 4, 5, 6]","{'US_Retail': (1,), 'PCE': (1, 2, 3), 'US_Sentiment': (1, 2, 3, 4, 5, 6), 'Import_CN': (1, 2, 3, 4, 5, 6), 'USD_VND': (1, 2, 3, 4, 5, 6)}",,,,,,,,aic,,,,,,,,117.0,-305.8017203925912,full_product,full_product
__ffnn_combo__,raw_no_vmd,,"(1, 11)",,,,,,,,,"target:[1, 11] | US_Retail:[1], PCE:[1, 2, 3, 4], US_Sentiment:[1, 2], Import_CN:[1], USD_VND:[1, 2, 3]","{'US_Retail': (1,), 'PCE': (1, 2, 3, 4), 'US_Sentiment': (1, 2), 'Import_CN': (1,), 'USD_VND': (1, 2, 3)}",,,,,,,,aic,,,,,,,,118.0,-305.64873284905656,full_product,full_product
__ffnn_combo__,raw_no_vmd,,"(1, 11)",,,,,,,,,"target:[1, 11] | US_Retail:[1], PCE:[1, 2, 3, 4], US_Sentiment:[1, 2], Import_CN:[1, 2, 3, 4, 5, 6], USD_VND:[1, 2, 3]","{'US_Retail': (1,), 'PCE': (1, 2, 3, 4), 'US_Sentiment': (1, 2), 'Import_CN': (1, 2, 3, 4, 5, 6), 'USD_VND': (1, 2, 3)}",,,,,,,,aic,,,,,,,,119.0,-305.4564525387322,full_product,full_product
__ffnn_combo__,raw_no_vmd,,"(1, 11)",,,,,,,,,"target:[1, 11] | US_Retail:[1], PCE:[1, 2, 3, 4], US_Sentiment:[1, 2], Import_CN:[1], USD_VND:[1, 2, 3, 4]","{'US_Retail': (1,), 'PCE': (1, 2, 3, 4), 'US_Sentiment': (1, 2), 'Import_CN': (1,), 'USD_VND': (1, 2, 3, 4)}",,,,,,,,aic,,,,,,,,120.0,-305.0767406901741,full_product,full_product
__ffnn_combo__,raw_no_vmd,,"(1, 11)",,,,,,,,,"target:[1, 11] | US_Retail:[1], PCE:[1, 2, 3, 4], US_Sentiment:[1, 2, 3], Import_CN:[1], USD_VND:[1, 2, 3]","{'US_Retail': (1,), 'PCE': (1, 2, 3, 4), 'US_Sentiment': (1, 2, 3), 'Import_CN': (1,), 'USD_VND': (1, 2, 3)}",,,,,,,,aic,,,,,,,,121.0,-305.0339116862288,full_product,full_product
__ffnn_combo__,raw_no_vmd,,"(1, 11)",,,,,,,,,"target:[1, 11] | US_Retail:[1], PCE:[1, 2, 3, 4], US_Sentiment:[1, 2], Import_CN:[1], USD_VND:[1, 2, 3, 4, 5, 6]","{'US_Retail': (1,), 'PCE': (1, 2, 3, 4), 'US_Sentiment': (1, 2), 'Import_CN': (1,), 'USD_VND': (1, 2, 3, 4, 5, 6)}",,,,,,,,aic,,,,,,,,122.0,-304.9938336158843,full_product,full_product
__ffnn_combo__,raw_no_vmd,,"(1, 11)",,,,,,,,,"target:[1, 11] | US_Retail:[1], PCE:[1, 2, 3, 4], US_Sentiment:[1, 2], Import_CN:[1, 2, 3, 4, 5, 6], USD_VND:[1, 2, 3, 4]","{'US_Retail': (1,), 'PCE': (1, 2, 3, 4), 'US_Sentiment': (1, 2), 'Import_CN': (1, 2, 3, 4, 5, 6), 'USD_VND': (1, 2, 3, 4)}",,,,,,,,aic,,,,,,,,123.0,-304.88446037984977,full_product,full_product
__ffnn_combo__,raw_no_vmd,,"(1, 11)",,,,,,,,,"target:[1, 11] | US_Retail:[1], PCE:[1, 2, 3, 4], US_Sentiment:[1, 2, 3], Import_CN:[1, 2, 3, 4, 5, 6], USD_VND:[1, 2, 3]","{'US_Retail': (1,), 'PCE': (1, 2, 3, 4), 'US_Sentiment': (1, 2, 3), 'Import_CN': (1, 2, 3, 4, 5, 6), 'USD_VND': (1, 2, 3)}",,,,,,,,aic,,,,,,,,124.0,-304.8416313759045,full_product,full_product
__ffnn_combo__,raw_no_vmd,,"(1, 11)",,,,,,,,,"target:[1, 11] | US_Retail:[1], PCE:[1, 2, 3, 4], US_Sentiment:[1, 2, 3, 4, 5, 6], Import_CN:[1], USD_VND:[1, 2, 3]","{'US_Retail': (1,), 'PCE': (1, 2, 3, 4), 'US_Sentiment': (1, 2, 3, 4, 5, 6), 'Import_CN': (1,), 'USD_VND': (1, 2, 3)}",,,,,,,,aic,,,,,,,,125.0,-304.83691616083416,full_product,full_product
__ffnn_combo__,raw_no_vmd,,"(1, 11)",,,,,,,,,"target:[1, 11] | US_Retail:[1], PCE:[1, 2, 3, 4], US_Sentiment:[1, 2], Import_CN:[1, 2, 3, 4, 5, 6], USD_VND:[1, 2, 3, 4, 5, 6]","{'US_Retail': (1,), 'PCE': (1, 2, 3, 4), 'US_Sentiment': (1, 2), 'Import_CN': (1, 2, 3, 4, 5, 6), 'USD_VND': (1, 2, 3, 4, 5, 6)}",,,,,,,,aic,,,,,,,,126.0,-304.80155330555993,full_product,full_product
__ffnn_combo__,raw_no_vmd,,"(1, 11)",,,,,,,,,"target:[1, 11] | US_Retail:[1], PCE:[1, 2, 3, 4], US_Sentiment:[1, 2, 3, 4, 5, 6], Import_CN:[1, 2, 3, 4, 5, 6], USD_VND:[1, 2, 3]","{'US_Retail': (1,), 'PCE': (1, 2, 3, 4), 'US_Sentiment': (1, 2, 3, 4, 5, 6), 'Import_CN': (1, 2, 3, 4, 5, 6), 'USD_VND': (1, 2, 3)}",,,,,,,,aic,,,,,,,,127.0,-304.64463585050987,full_product,full_product
__ffnn_combo__,raw_no_vmd,,"(1, 11)",,,,,,,,,"target:[1, 11] | US_Retail:[1, 2, 3], PCE:[1], US_Sentiment:[1, 2], Import_CN:[1], USD_VND:[1, 2, 3]","{'US_Retail': (1, 2, 3), 'PCE': (1,), 'US_Sentiment': (1, 2), 'Import_CN': (1,), 'USD_VND': (1, 2, 3)}",,,,,,,,aic,,,,,,,,128.0,-304.5362011306233,full_product,full_product
__ffnn_combo__,raw_no_vmd,,"(1, 11)",,,,,,,,,"target:[1, 11] | US_Retail:[1], PCE:[1, 2, 3, 4], US_Sentiment:[1, 2, 3], Import_CN:[1], USD_VND:[1, 2, 3, 4]","{'US_Retail': (1,), 'PCE': (1, 2, 3, 4), 'US_Sentiment': (1, 2, 3), 'Import_CN': (1,), 'USD_VND': (1, 2, 3, 4)}",,,,,,,,aic,,,,,,,,129.0,-304.46191952734637,full_product,full_product
__ffnn_combo__,raw_no_vmd,,"(1, 11)",,,,,,,,,"target:[1, 11] | US_Retail:[1], PCE:[1, 2, 3, 4], US_Sentiment:[1, 2, 3], Import_CN:[1], USD_VND:[1, 2, 3, 4, 5, 6]","{'US_Retail': (1,), 'PCE': (1, 2, 3, 4), 'US_Sentiment': (1, 2, 3), 'Import_CN': (1,), 'USD_VND': (1, 2, 3, 4, 5, 6)}",,,,,,,,aic,,,,,,,,130.0,-304.37901245305653,full_product,full_product
__ffnn_combo__,raw_no_vmd,,"(1, 11)",,,,,,,,,"target:[1, 11] | US_Retail:[1, 2, 3], PCE:[1], US_Sentiment:[1, 2], Import_CN:[1, 2, 3, 4, 5, 6], USD_VND:[1, 2, 3]","{'US_Retail': (1, 2, 3), 'PCE': (1,), 'US_Sentiment': (1, 2), 'Import_CN': (1, 2, 3, 4, 5, 6), 'USD_VND': (1, 2, 3)}",,,,,,,,aic,,,,,,,,131.0,-304.343920820299,full_product,full_product
__ffnn_combo__,raw_no_vmd,,"(1, 11)",,,,,,,,,"target:[1, 11] | US_Retail:[1], PCE:[1, 2, 3, 4], US_Sentiment:[1, 2, 3], Import_CN:[1, 2, 3, 4, 5, 6], USD_VND:[1, 2, 3, 4]","{'US_Retail': (1,), 'PCE': (1, 2, 3, 4), 'US_Sentiment': (1, 2, 3), 'Import_CN': (1, 2, 3, 4, 5, 6), 'USD_VND': (1, 2, 3, 4)}",,,,,,,,aic,,,,,,,,132.0,-304.2696392170221,full_product,full_product
__ffnn_combo__,raw_no_vmd,,"(1, 11)",,,,,,,,,"target:[1, 11] | US_Retail:[1], PCE:[1, 2, 3, 4], US_Sentiment:[1, 2, 3, 4, 5, 6], Import_CN:[1], USD_VND:[1, 2, 3, 4]","{'US_Retail': (1,), 'PCE': (1, 2, 3, 4), 'US_Sentiment': (1, 2, 3, 4, 5, 6), 'Import_CN': (1,), 'USD_VND': (1, 2, 3, 4)}",,,,,,,,aic,,,,,,,,133.0,-304.2649240019517,full_product,full_product
__ffnn_combo__,raw_no_vmd,,"(1, 11)",,,,,,,,,"target:[1, 11] | US_Retail:[1, 2], PCE:[1], US_Sentiment:[1, 2], Import_CN:[1], USD_VND:[1, 2, 3]","{'US_Retail': (1, 2), 'PCE': (1,), 'US_Sentiment': (1, 2), 'Import_CN': (1,), 'USD_VND': (1, 2, 3)}",,,,,,,,aic,,,,,,,,134.0,-304.22009359001913,full_product,full_product
__ffnn_combo__,raw_no_vmd,,"(1, 11)",,,,,,,,,"target:[1, 11] | US_Retail:[1], PCE:[1, 2, 3, 4], US_Sentiment:[1, 2, 3], Import_CN:[1, 2, 3, 4, 5, 6], USD_VND:[1, 2, 3, 4, 5, 6]","{'US_Retail': (1,), 'PCE': (1, 2, 3, 4), 'US_Sentiment': (1, 2, 3), 'Import_CN': (1, 2, 3, 4, 5, 6), 'USD_VND': (1, 2, 3, 4, 5, 6)}",,,,,,,,aic,,,,,,,,135.0,-304.18673214273224,full_product,full_product
__ffnn_combo__,raw_no_vmd,,"(1, 11)",,,,,,,,,"target:[1, 11] | US_Retail:[1], PCE:[1, 2, 3, 4], US_Sentiment:[1, 2, 3, 4, 5, 6], Import_CN:[1], USD_VND:[1, 2, 3, 4, 5, 6]","{'US_Retail': (1,), 'PCE': (1, 2, 3, 4), 'US_Sentiment': (1, 2, 3, 4, 5, 6), 'Import_CN': (1,), 'USD_VND': (1, 2, 3, 4, 5, 6)}",,,,,,,,aic,,,,,,,,136.0,-304.1820169276619,full_product,full_product
__ffnn_combo__,raw_no_vmd,,"(1, 11)",,,,,,,,,"target:[1, 11] | US_Retail:[1], PCE:[1, 2, 3, 4], US_Sentiment:[1, 2, 3, 4, 5, 6], Import_CN:[1, 2, 3, 4, 5, 6], USD_VND:[1, 2, 3, 4]","{'US_Retail': (1,), 'PCE': (1, 2, 3, 4), 'US_Sentiment': (1, 2, 3, 4, 5, 6), 'Import_CN': (1, 2, 3, 4, 5, 6), 'USD_VND': (1, 2, 3, 4)}",,,,,,,,aic,,,,,,,,137.0,-304.07264369162743,full_product,full_product
__ffnn_combo__,raw_no_vmd,,"(1, 11)",,,,,,,,,"target:[1, 11] | US_Retail:[1, 2], PCE:[1], US_Sentiment:[1, 2], Import_CN:[1, 2, 3, 4, 5, 6], USD_VND:[1, 2, 3]","{'US_Retail': (1, 2), 'PCE': (1,), 'US_Sentiment': (1, 2), 'Import_CN': (1, 2, 3, 4, 5, 6), 'USD_VND': (1, 2, 3)}",,,,,,,,aic,,,,,,,,138.0,-304.02781327969484,full_product,full_product
__ffnn_combo__,raw_no_vmd,,"(1, 11)",,,,,,,,,"target:[1, 11] | US_Retail:[1], PCE:[1, 2, 3, 4], US_Sentiment:[1, 2, 3, 4, 5, 6], Import_CN:[1, 2, 3, 4, 5, 6], USD_VND:[1, 2, 3, 4, 5, 6]","{'US_Retail': (1,), 'PCE': (1, 2, 3, 4), 'US_Sentiment': (1, 2, 3, 4, 5, 6), 'Import_CN': (1, 2, 3, 4, 5, 6), 'USD_VND': (1, 2, 3, 4, 5, 6)}",,,,,,,,aic,,,,,,,,139.0,-303.9897366173376,full_product,full_product
__ffnn_combo__,raw_no_vmd,,"(1, 11)",,,,,,,,,"target:[1, 11] | US_Retail:[1, 2, 3], PCE:[1], US_Sentiment:[1, 2], Import_CN:[1], USD_VND:[1, 2, 3, 4]","{'US_Retail': (1, 2, 3), 'PCE': (1,), 'US_Sentiment': (1, 2), 'Import_CN': (1,), 'USD_VND': (1, 2, 3, 4)}",,,,,,,,aic,,,,,,,,140.0,-303.96420897174085,full_product,full_product
__ffnn_combo__,raw_no_vmd,,"(1, 11)",,,,,,,,,"target:[1, 11] | US_Retail:[1, 2, 3], PCE:[1], US_Sentiment:[1, 2, 3], Import_CN:[1], USD_VND:[1, 2, 3]","{'US_Retail': (1, 2, 3), 'PCE': (1,), 'US_Sentiment': (1, 2, 3), 'Import_CN': (1,), 'USD_VND': (1, 2, 3)}",,,,,,,,aic,,,,,,,,141.0,-303.9213799677956,full_product,full_product
__ffnn_combo__,raw_no_vmd,,"(1, 11)",,,,,,,,,"target:[1, 11] | US_Retail:[1, 2, 3], PCE:[1], US_Sentiment:[1, 2], Import_CN:[1], USD_VND:[1, 2, 3, 4, 5, 6]","{'US_Retail': (1, 2, 3), 'PCE': (1,), 'US_Sentiment': (1, 2), 'Import_CN': (1,), 'USD_VND': (1, 2, 3, 4, 5, 6)}",,,,,,,,aic,,,,,,,,142.0,-303.881301897451,full_product,full_product
__ffnn_combo__,raw_no_vmd,,"(1, 11)",,,,,,,,,"target:[1, 11] | US_Retail:[1, 2, 3], PCE:[1], US_Sentiment:[1, 2], Import_CN:[1, 2, 3, 4, 5, 6], USD_VND:[1, 2, 3, 4]","{'US_Retail': (1, 2, 3), 'PCE': (1,), 'US_Sentiment': (1, 2), 'Import_CN': (1, 2, 3, 4, 5, 6), 'USD_VND': (1, 2, 3, 4)}",,,,,,,,aic,,,,,,,,143.0,-303.77192866141655,full_product,full_product
__ffnn_combo__,raw_no_vmd,,"(1, 11)",,,,,,,,,"target:[1, 11] | US_Retail:[1, 2, 3], PCE:[1], US_Sentiment:[1, 2, 3], Import_CN:[1, 2, 3, 4, 5, 6], USD_VND:[1, 2, 3]","{'US_Retail': (1, 2, 3), 'PCE': (1,), 'US_Sentiment': (1, 2, 3), 'Import_CN': (1, 2, 3, 4, 5, 6), 'USD_VND': (1, 2, 3)}",,,,,,,,aic,,,,,,,,144.0,-303.72909965747124,full_product,full_product
__ffnn_combo__,raw_no_vmd,,"(1, 11)",,,,,,,,,"target:[1, 11] | US_Retail:[1, 2, 3], PCE:[1], US_Sentiment:[1, 2, 3, 4, 5, 6], Import_CN:[1], USD_VND:[1, 2, 3]","{'US_Retail': (1, 2, 3), 'PCE': (1,), 'US_Sentiment': (1, 2, 3, 4, 5, 6), 'Import_CN': (1,), 'USD_VND': (1, 2, 3)}",,,,,,,,aic,,,,,,,,145.0,-303.7243844424009,full_product,full_product
__ffnn_combo__,raw_no_vmd,,"(1, 11)",,,,,,,,,"target:[1, 11] | US_Retail:[1, 2, 3], PCE:[1], US_Sentiment:[1, 2], Import_CN:[1, 2, 3, 4, 5, 6], USD_VND:[1, 2, 3, 4, 5, 6]","{'US_Retail': (1, 2, 3), 'PCE': (1,), 'US_Sentiment': (1, 2), 'Import_CN': (1, 2, 3, 4, 5, 6), 'USD_VND': (1, 2, 3, 4, 5, 6)}",,,,,,,,aic,,,,,,,,146.0,-303.6890215871267,full_product,full_product
__ffnn_combo__,raw_no_vmd,,"(1, 11)",,,,,,,,,"target:[1, 11] | US_Retail:[1, 2], PCE:[1], US_Sentiment:[1, 2], Import_CN:[1], USD_VND:[1, 2, 3, 4]","{'US_Retail': (1, 2), 'PCE': (1,), 'US_Sentiment': (1, 2), 'Import_CN': (1,), 'USD_VND': (1, 2, 3, 4)}",,,,,,,,aic,,,,,,,,147.0,-303.64810143113675,full_product,full_product
__ffnn_combo__,raw_no_vmd,,"(1, 11)",,,,,,,,,"target:[1, 11] | US_Retail:[1, 2, 3], PCE:[1, 2, 3], US_Sentiment:[1, 2], Import_CN:[1], USD_VND:[1, 2, 3]","{'US_Retail': (1, 2, 3), 'PCE': (1, 2, 3), 'US_Sentiment': (1, 2), 'Import_CN': (1,), 'USD_VND': (1, 2, 3)}",,,,,,,,aic,,,,,,,,148.0,-303.64023054628694,full_product,full_product
__ffnn_combo__,raw_no_vmd,,"(1, 11)",,,,,,,,,"target:[1, 11] | US_Retail:[1, 2], PCE:[1], US_Sentiment:[1, 2, 3], Import_CN:[1], USD_VND:[1, 2, 3]","{'US_Retail': (1, 2), 'PCE': (1,), 'US_Sentiment': (1, 2, 3), 'Import_CN': (1,), 'USD_VND': (1, 2, 3)}",,,,,,,,aic,,,,,,,,149.0,-303.60527242719144,full_product,full_product
__ffnn_combo__,raw_no_vmd,,"(1, 11)",,,,,,,,,"target:[1, 11] | US_Retail:[1, 2], PCE:[1], US_Sentiment:[1, 2], Import_CN:[1], USD_VND:[1, 2, 3, 4, 5, 6]","{'US_Retail': (1, 2), 'PCE': (1,), 'US_Sentiment': (1, 2), 'Import_CN': (1,), 'USD_VND': (1, 2, 3, 4, 5, 6)}",,,,,,,,aic,,,,,,,,150.0,-303.56519435684686,full_product,full_product
__ffnn_combo__,raw_no_vmd,,"(1, 11)",,,,,,,,,"target:[1, 11] | US_Retail:[1, 2, 3], PCE:[1], US_Sentiment:[1, 2, 3, 4, 5, 6], Import_CN:[1, 2, 3, 4, 5, 6], USD_VND:[1, 2, 3]","{'US_Retail': (1, 2, 3), 'PCE': (1,), 'US_Sentiment': (1, 2, 3, 4, 5, 6), 'Import_CN': (1, 2, 3, 4, 5, 6), 'USD_VND': (1, 2, 3)}",,,,,,,,aic,,,,,,,,151.0,-303.5321041320766,full_product,full_product
__ffnn_combo__,raw_no_vmd,,"(1, 11)",,,,,,,,,"target:[1, 11] | US_Retail:[1, 2], PCE:[1], US_Sentiment:[1, 2], Import_CN:[1, 2, 3, 4, 5, 6], USD_VND:[1, 2, 3, 4]","{'US_Retail': (1, 2), 'PCE': (1,), 'US_Sentiment': (1, 2), 'Import_CN': (1, 2, 3, 4, 5, 6), 'USD_VND': (1, 2, 3, 4)}",,,,,,,,aic,,,,,,,,152.0,-303.4558211208124,full_product,full_product
__ffnn_combo__,raw_no_vmd,,"(1, 11)",,,,,,,,,"target:[1, 11] | US_Retail:[1, 2, 3], PCE:[1, 2, 3], US_Sentiment:[1, 2], Import_CN:[1, 2, 3, 4, 5, 6], USD_VND:[1, 2, 3]","{'US_Retail': (1, 2, 3), 'PCE': (1, 2, 3), 'US_Sentiment': (1, 2), 'Import_CN': (1, 2, 3, 4, 5, 6), 'USD_VND': (1, 2, 3)}",,,,,,,,aic,,,,,,,,153.0,-303.4479502359626,full_product,full_product
__ffnn_combo__,raw_no_vmd,,"(1, 11)",,,,,,,,,"target:[1, 11] | US_Retail:[1, 2], PCE:[1], US_Sentiment:[1, 2, 3], Import_CN:[1, 2, 3, 4, 5, 6], USD_VND:[1, 2, 3]","{'US_Retail': (1, 2), 'PCE': (1,), 'US_Sentiment': (1, 2, 3), 'Import_CN': (1, 2, 3, 4, 5, 6), 'USD_VND': (1, 2, 3)}",,,,,,,,aic,,,,,,,,154.0,-303.4129921168671,full_product,full_product
__ffnn_combo__,raw_no_vmd,,"(1, 11)",,,,,,,,,"target:[1, 11] | US_Retail:[1, 2], PCE:[1], US_Sentiment:[1, 2, 3, 4, 5, 6], Import_CN:[1], USD_VND:[1, 2, 3]","{'US_Retail': (1, 2), 'PCE': (1,), 'US_Sentiment': (1, 2, 3, 4, 5, 6), 'Import_CN': (1,), 'USD_VND': (1, 2, 3)}",,,,,,,,aic,,,,,,,,155.0,-303.40827690179674,full_product,full_product
__ffnn_combo__,raw_no_vmd,,"(1, 11)",,,,,,,,,"target:[1, 11] | US_Retail:[1, 2], PCE:[1], US_Sentiment:[1, 2], Import_CN:[1, 2, 3, 4, 5, 6], USD_VND:[1, 2, 3, 4, 5, 6]","{'US_Retail': (1, 2), 'PCE': (1,), 'US_Sentiment': (1, 2), 'Import_CN': (1, 2, 3, 4, 5, 6), 'USD_VND': (1, 2, 3, 4, 5, 6)}",,,,,,,,aic,,,,,,,,156.0,-303.37291404652257,full_product,full_product
__ffnn_combo__,raw_no_vmd,,"(1, 11)",,,,,,,,,"target:[1, 11] | US_Retail:[1, 2, 3], PCE:[1], US_Sentiment:[1, 2, 3], Import_CN:[1], USD_VND:[1, 2, 3, 4]","{'US_Retail': (1, 2, 3), 'PCE': (1,), 'US_Sentiment': (1, 2, 3), 'Import_CN': (1,), 'USD_VND': (1, 2, 3, 4)}",,,,,,,,aic,,,,,,,,157.0,-303.34938780891315,full_product,full_product
__ffnn_combo__,raw_no_vmd,,"(1, 11)",,,,,,,,,"target:[1, 11] | US_Retail:[1, 2], PCE:[1, 2, 3], US_Sentiment:[1, 2], Import_CN:[1], USD_VND:[1, 2, 3]","{'US_Retail': (1, 2), 'PCE': (1, 2, 3), 'US_Sentiment': (1, 2), 'Import_CN': (1,), 'USD_VND': (1, 2, 3)}",,,,,,,,aic,,,,,,,,158.0,-303.3241230056828,full_product,full_product
__ffnn_combo__,raw_no_vmd,,"(1, 11)",,,,,,,,,"target:[1, 11] | US_Retail:[1, 2, 3], PCE:[1], US_Sentiment:[1, 2, 3], Import_CN:[1], USD_VND:[1, 2, 3, 4, 5, 6]","{'US_Retail': (1, 2, 3), 'PCE': (1,), 'US_Sentiment': (1, 2, 3), 'Import_CN': (1,), 'USD_VND': (1, 2, 3, 4, 5, 6)}",,,,,,,,aic,,,,,,,,159.0,-303.2664807346233,full_product,full_product
__ffnn_combo__,raw_no_vmd,,"(1, 11)",,,,,,,,,"target:[1, 11] | US_Retail:[1, 2], PCE:[1], US_Sentiment:[1, 2, 3, 4, 5, 6], Import_CN:[1, 2, 3, 4, 5, 6], USD_VND:[1, 2, 3]","{'US_Retail': (1, 2), 'PCE': (1,), 'US_Sentiment': (1, 2, 3, 4, 5, 6), 'Import_CN': (1, 2, 3, 4, 5, 6), 'USD_VND': (1, 2, 3)}",,,,,,,,aic,,,,,,,,160.0,-303.21599659147245,full_product,full_product
__ffnn_combo__,raw_no_vmd,,"(1, 11)",,,,,,,,,"target:[1, 11] | US_Retail:[1, 2, 3], PCE:[1], US_Sentiment:[1, 2, 3], Import_CN:[1, 2, 3, 4, 5, 6], USD_VND:[1, 2, 3, 4]","{'US_Retail': (1, 2, 3), 'PCE': (1,), 'US_Sentiment': (1, 2, 3), 'Import_CN': (1, 2, 3, 4, 5, 6), 'USD_VND': (1, 2, 3, 4)}",,,,,,,,aic,,,,,,,,161.0,-303.1571074985888,full_product,full_product
__ffnn_combo__,raw_no_vmd,,"(1, 11)",,,,,,,,,"target:[1, 11] | US_Retail:[1, 2, 3], PCE:[1], US_Sentiment:[1, 2, 3, 4, 5, 6], Import_CN:[1], USD_VND:[1, 2, 3, 4]","{'US_Retail': (1, 2, 3), 'PCE': (1,), 'US_Sentiment': (1, 2, 3, 4, 5, 6), 'Import_CN': (1,), 'USD_VND': (1, 2, 3, 4)}",,,,,,,,aic,,,,,,,,162.0,-303.15239228351845,full_product,full_product
__ffnn_combo__,raw_no_vmd,,"(1, 11)",,,,,,,,,"target:[1, 11] | US_Retail:[1, 2], PCE:[1, 2, 3], US_Sentiment:[1, 2], Import_CN:[1, 2, 3, 4, 5, 6], USD_VND:[1, 2, 3]","{'US_Retail': (1, 2), 'PCE': (1, 2, 3), 'US_Sentiment': (1, 2), 'Import_CN': (1, 2, 3, 4, 5, 6), 'USD_VND': (1, 2, 3)}",,,,,,,,aic,,,,,,,,163.0,-303.1318426953585,full_product,full_product
__ffnn_combo__,raw_no_vmd,,"(1, 11)",,,,,,,,,"target:[1, 11] | US_Retail:[1, 2, 3], PCE:[1], US_Sentiment:[1, 2, 3], Import_CN:[1, 2, 3, 4, 5, 6], USD_VND:[1, 2, 3, 4, 5, 6]","{'US_Retail': (1, 2, 3), 'PCE': (1,), 'US_Sentiment': (1, 2, 3), 'Import_CN': (1, 2, 3, 4, 5, 6), 'USD_VND': (1, 2, 3, 4, 5, 6)}",,,,,,,,aic,,,,,,,,164.0,-303.07420042429897,full_product,full_product
__ffnn_combo__,raw_no_vmd,,"(1, 11)",,,,,,,,,"target:[1, 11] | US_Retail:[1, 2, 3], PCE:[1], US_Sentiment:[1, 2, 3, 4, 5, 6], Import_CN:[1], USD_VND:[1, 2, 3, 4, 5, 6]","{'US_Retail': (1, 2, 3), 'PCE': (1,), 'US_Sentiment': (1, 2, 3, 4, 5, 6), 'Import_CN': (1,), 'USD_VND': (1, 2, 3, 4, 5, 6)}",,,,,,,,aic,,,,,,,,165.0,-303.0694852092286,full_product,full_product
__ffnn_combo__,raw_no_vmd,,"(1, 11)",,,,,,,,,"target:[1, 11] | US_Retail:[1, 2, 3], PCE:[1, 2, 3], US_Sentiment:[1, 2], Import_CN:[1], USD_VND:[1, 2, 3, 4]","{'US_Retail': (1, 2, 3), 'PCE': (1, 2, 3), 'US_Sentiment': (1, 2), 'Import_CN': (1,), 'USD_VND': (1, 2, 3, 4)}",,,,,,,,aic,,,,,,,,166.0,-303.0682383874045,full_product,full_product
__ffnn_combo__,raw_no_vmd,,"(1, 11)",,,,,,,,,"target:[1, 11] | US_Retail:[1, 2], PCE:[1], US_Sentiment:[1, 2, 3], Import_CN:[1], USD_VND:[1, 2, 3, 4]","{'US_Retail': (1, 2), 'PCE': (1,), 'US_Sentiment': (1, 2, 3), 'Import_CN': (1,), 'USD_VND': (1, 2, 3, 4)}",,,,,,,,aic,,,,,,,,167.0,-303.033280268309,full_product,full_product
__ffnn_combo__,raw_no_vmd,,"(1, 11)",,,,,,,,,"target:[1, 11] | US_Retail:[1, 2, 3], PCE:[1, 2, 3], US_Sentiment:[1, 2, 3], Import_CN:[1], USD_VND:[1, 2, 3]","{'US_Retail': (1, 2, 3), 'PCE': (1, 2, 3), 'US_Sentiment': (1, 2, 3), 'Import_CN': (1,), 'USD_VND': (1, 2, 3)}",,,,,,,,aic,,,,,,,,168.0,-303.0254093834592,full_product,full_product
__ffnn_combo__,raw_no_vmd,,"(1, 11)",,,,,,,,,"target:[1, 11] | US_Retail:[1, 2, 3], PCE:[1, 2, 3], US_Sentiment:[1, 2], Import_CN:[1], USD_VND:[1, 2, 3, 4, 5, 6]","{'US_Retail': (1, 2, 3), 'PCE': (1, 2, 3), 'US_Sentiment': (1, 2), 'Import_CN': (1,), 'USD_VND': (1, 2, 3, 4, 5, 6)}",,,,,,,,aic,,,,,,,,169.0,-302.98533131311467,full_product,full_product
__ffnn_combo__,raw_no_vmd,,"(1, 11)",,,,,,,,,"target:[1, 11] | US_Retail:[1, 2, 3], PCE:[1], US_Sentiment:[1, 2, 3, 4, 5, 6], Import_CN:[1, 2, 3, 4, 5, 6], USD_VND:[1, 2, 3, 4]","{'US_Retail': (1, 2, 3), 'PCE': (1,), 'US_Sentiment': (1, 2, 3, 4, 5, 6), 'Import_CN': (1, 2, 3, 4, 5, 6), 'USD_VND': (1, 2, 3, 4)}",,,,,,,,aic,,,,,,,,170.0,-302.96011197319416,full_product,full_product
__ffnn_combo__,raw_no_vmd,,"(1, 11)",,,,,,,,,"target:[1, 11] | US_Retail:[1, 2], PCE:[1], US_Sentiment:[1, 2, 3], Import_CN:[1], USD_VND:[1, 2, 3, 4, 5, 6]","{'US_Retail': (1, 2), 'PCE': (1,), 'US_Sentiment': (1, 2, 3), 'Import_CN': (1,), 'USD_VND': (1, 2, 3, 4, 5, 6)}",,,,,,,,aic,,,,,,,,171.0,-302.95037319401916,full_product,full_product
__ffnn_combo__,raw_no_vmd,,"(1, 11)",,,,,,,,,"target:[1, 11] | US_Retail:[1, 2, 3], PCE:[1], US_Sentiment:[1, 2, 3, 4, 5, 6], Import_CN:[1, 2, 3, 4, 5, 6], USD_VND:[1, 2, 3, 4, 5, 6]","{'US_Retail': (1, 2, 3), 'PCE': (1,), 'US_Sentiment': (1, 2, 3, 4, 5, 6), 'Import_CN': (1, 2, 3, 4, 5, 6), 'USD_VND': (1, 2, 3, 4, 5, 6)}",,,,,,,,aic,,,,,,,,172.0,-302.8772048989043,full_product,full_product
__ffnn_combo__,raw_no_vmd,,"(1, 11)",,,,,,,,,"target:[1, 11] | US_Retail:[1, 2, 3], PCE:[1, 2, 3], US_Sentiment:[1, 2], Import_CN:[1, 2, 3, 4, 5, 6], USD_VND:[1, 2, 3, 4]","{'US_Retail': (1, 2, 3), 'PCE': (1, 2, 3), 'US_Sentiment': (1, 2), 'Import_CN': (1, 2, 3, 4, 5, 6), 'USD_VND': (1, 2, 3, 4)}",,,,,,,,aic,,,,,,,,173.0,-302.8759580770802,full_product,full_product
__ffnn_combo__,raw_no_vmd,,"(1, 11)",,,,,,,,,"target:[1, 11] | US_Retail:[1, 2], PCE:[1], US_Sentiment:[1, 2, 3], Import_CN:[1, 2, 3, 4, 5, 6], USD_VND:[1, 2, 3, 4]","{'US_Retail': (1, 2), 'PCE': (1,), 'US_Sentiment': (1, 2, 3), 'Import_CN': (1, 2, 3, 4, 5, 6), 'USD_VND': (1, 2, 3, 4)}",,,,,,,,aic,,,,,,,,174.0,-302.84099995798465,full_product,full_product
__ffnn_combo__,raw_no_vmd,,"(1, 11)",,,,,,,,,"target:[1, 11] | US_Retail:[1, 2], PCE:[1], US_Sentiment:[1, 2, 3, 4, 5, 6], Import_CN:[1], USD_VND:[1, 2, 3, 4]","{'US_Retail': (1, 2), 'PCE': (1,), 'US_Sentiment': (1, 2, 3, 4, 5, 6), 'Import_CN': (1,), 'USD_VND': (1, 2, 3, 4)}",,,,,,,,aic,,,,,,,,175.0,-302.83628474291436,full_product,full_product
__ffnn_combo__,raw_no_vmd,,"(1, 11)",,,,,,,,,"target:[1, 11] | US_Retail:[1, 2, 3], PCE:[1, 2, 3], US_Sentiment:[1, 2, 3], Import_CN:[1, 2, 3, 4, 5, 6], USD_VND:[1, 2, 3]","{'US_Retail': (1, 2, 3), 'PCE': (1, 2, 3), 'US_Sentiment': (1, 2, 3), 'Import_CN': (1, 2, 3, 4, 5, 6), 'USD_VND': (1, 2, 3)}",,,,,,,,aic,,,,,,,,176.0,-302.8331290731349,full_product,full_product
__ffnn_combo__,raw_no_vmd,,"(1, 11)",,,,,,,,,"target:[1, 11] | US_Retail:[1, 2, 3], PCE:[1, 2, 3], US_Sentiment:[1, 2, 3, 4, 5, 6], Import_CN:[1], USD_VND:[1, 2, 3]","{'US_Retail': (1, 2, 3), 'PCE': (1, 2, 3), 'US_Sentiment': (1, 2, 3, 4, 5, 6), 'Import_CN': (1,), 'USD_VND': (1, 2, 3)}",,,,,,,,aic,,,,,,,,177.0,-302.82841385806455,full_product,full_product
__ffnn_combo__,raw_no_vmd,,"(1, 11)",,,,,,,,,"target:[1, 11] | US_Retail:[1, 2, 3], PCE:[1, 2, 3], US_Sentiment:[1, 2], Import_CN:[1, 2, 3, 4, 5, 6], USD_VND:[1, 2, 3, 4, 5, 6]","{'US_Retail': (1, 2, 3), 'PCE': (1, 2, 3), 'US_Sentiment': (1, 2), 'Import_CN': (1, 2, 3, 4, 5, 6), 'USD_VND': (1, 2, 3, 4, 5, 6)}",,,,,,,,aic,,,,,,,,178.0,-302.7930510027903,full_product,full_product
__ffnn_combo__,raw_no_vmd,,"(1, 11)",,,,,,,,,"target:[1, 11] | US_Retail:[1, 2], PCE:[1], US_Sentiment:[1, 2, 3], Import_CN:[1, 2, 3, 4, 5, 6], USD_VND:[1, 2, 3, 4, 5, 6]","{'US_Retail': (1, 2), 'PCE': (1,), 'US_Sentiment': (1, 2, 3), 'Import_CN': (1, 2, 3, 4, 5, 6), 'USD_VND': (1, 2, 3, 4, 5, 6)}",,,,,,,,aic,,,,,,,,179.0,-302.7580928836948,full_product,full_product
__ffnn_combo__,raw_no_vmd,,"(1, 11)",,,,,,,,,"target:[1, 11] | US_Retail:[1, 2], PCE:[1], US_Sentiment:[1, 2, 3, 4, 5, 6], Import_CN:[1], USD_VND:[1, 2, 3, 4, 5, 6]","{'US_Retail': (1, 2), 'PCE': (1,), 'US_Sentiment': (1, 2, 3, 4, 5, 6), 'Import_CN': (1,), 'USD_VND': (1, 2, 3, 4, 5, 6)}",,,,,,,,aic,,,,,,,,180.0,-302.75337766862447,full_product,full_product
__ffnn_combo__,raw_no_vmd,,"(1, 11)",,,,,,,,,"target:[1, 11] | US_Retail:[1, 2], PCE:[1, 2, 3], US_Sentiment:[1, 2], Import_CN:[1], USD_VND:[1, 2, 3, 4]","{'US_Retail': (1, 2), 'PCE': (1, 2, 3), 'US_Sentiment': (1, 2), 'Import_CN': (1,), 'USD_VND': (1, 2, 3, 4)}",,,,,,,,aic,,,,,,,,181.0,-302.75213084680036,full_product,full_product
__ffnn_combo__,raw_no_vmd,,"(1, 11)",,,,,,,,,"target:[1, 11] | US_Retail:[1, 2], PCE:[1, 2, 3], US_Sentiment:[1, 2, 3], Import_CN:[1], USD_VND:[1, 2, 3]","{'US_Retail': (1, 2), 'PCE': (1, 2, 3), 'US_Sentiment': (1, 2, 3), 'Import_CN': (1,), 'USD_VND': (1, 2, 3)}",,,,,,,,aic,,,,,,,,182.0,-302.7093018428551,full_product,full_product
__ffnn_combo__,raw_no_vmd,,"(1, 11)",,,,,,,,,"target:[1, 11] | US_Retail:[1, 2], PCE:[1, 2, 3], US_Sentiment:[1, 2], Import_CN:[1], USD_VND:[1, 2, 3, 4, 5, 6]","{'US_Retail': (1, 2), 'PCE': (1, 2, 3), 'US_Sentiment': (1, 2), 'Import_CN': (1,), 'USD_VND': (1, 2, 3, 4, 5, 6)}",,,,,,,,aic,,,,,,,,183.0,-302.6692237725105,full_product,full_product
__ffnn_combo__,raw_no_vmd,,"(1, 11)",,,,,,,,,"target:[1, 11] | US_Retail:[1, 2], PCE:[1], US_Sentiment:[1, 2, 3, 4, 5, 6], Import_CN:[1, 2, 3, 4, 5, 6], USD_VND:[1, 2, 3, 4]","{'US_Retail': (1, 2), 'PCE': (1,), 'US_Sentiment': (1, 2, 3, 4, 5, 6), 'Import_CN': (1, 2, 3, 4, 5, 6), 'USD_VND': (1, 2, 3, 4)}",,,,,,,,aic,,,,,,,,184.0,-302.64400443259,full_product,full_product
__ffnn_combo__,raw_no_vmd,,"(1, 11)",,,,,,,,,"target:[1, 11] | US_Retail:[1, 2, 3], PCE:[1, 2, 3], US_Sentiment:[1, 2, 3, 4, 5, 6], Import_CN:[1, 2, 3, 4, 5, 6], USD_VND:[1, 2, 3]","{'US_Retail': (1, 2, 3), 'PCE': (1, 2, 3), 'US_Sentiment': (1, 2, 3, 4, 5, 6), 'Import_CN': (1, 2, 3, 4, 5, 6), 'USD_VND': (1, 2, 3)}",,,,,,,,aic,,,,,,,,185.0,-302.63613354774026,full_product,full_product
__ffnn_combo__,raw_no_vmd,,"(1, 11)",,,,,,,,,"target:[1, 11] | US_Retail:[1, 2], PCE:[1], US_Sentiment:[1, 2, 3, 4, 5, 6], Import_CN:[1, 2, 3, 4, 5, 6], USD_VND:[1, 2, 3, 4, 5, 6]","{'US_Retail': (1, 2), 'PCE': (1,), 'US_Sentiment': (1, 2, 3, 4, 5, 6), 'Import_CN': (1, 2, 3, 4, 5, 6), 'USD_VND': (1, 2, 3, 4, 5, 6)}",,,,,,,,aic,,,,,,,,186.0,-302.5610973583002,full_product,full_product
__ffnn_combo__,raw_no_vmd,,"(1, 11)",,,,,,,,,"target:[1, 11] | US_Retail:[1, 2], PCE:[1, 2, 3], US_Sentiment:[1, 2], Import_CN:[1, 2, 3, 4, 5, 6], USD_VND:[1, 2, 3, 4]","{'US_Retail': (1, 2), 'PCE': (1, 2, 3), 'US_Sentiment': (1, 2), 'Import_CN': (1, 2, 3, 4, 5, 6), 'USD_VND': (1, 2, 3, 4)}",,,,,,,,aic,,,,,,,,187.0,-302.55985053647606,full_product,full_product
__ffnn_combo__,raw_no_vmd,,"(1, 11)",,,,,,,,,"target:[1, 11] | US_Retail:[1, 2], PCE:[1, 2, 3], US_Sentiment:[1, 2, 3], Import_CN:[1, 2, 3, 4, 5, 6], USD_VND:[1, 2, 3]","{'US_Retail': (1, 2), 'PCE': (1, 2, 3), 'US_Sentiment': (1, 2, 3), 'Import_CN': (1, 2, 3, 4, 5, 6), 'USD_VND': (1, 2, 3)}",,,,,,,,aic,,,,,,,,188.0,-302.51702153253075,full_product,full_product
__ffnn_combo__,raw_no_vmd,,"(1, 11)",,,,,,,,,"target:[1, 11] | US_Retail:[1, 2], PCE:[1, 2, 3], US_Sentiment:[1, 2, 3, 4, 5, 6], Import_CN:[1], USD_VND:[1, 2, 3]","{'US_Retail': (1, 2), 'PCE': (1, 2, 3), 'US_Sentiment': (1, 2, 3, 4, 5, 6), 'Import_CN': (1,), 'USD_VND': (1, 2, 3)}",,,,,,,,aic,,,,,,,,189.0,-302.51230631746046,full_product,full_product
__ffnn_combo__,raw_no_vmd,,"(1, 11)",,,,,,,,,"target:[1, 11] | US_Retail:[1, 2], PCE:[1, 2, 3], US_Sentiment:[1, 2], Import_CN:[1, 2, 3, 4, 5, 6], USD_VND:[1, 2, 3, 4, 5, 6]","{'US_Retail': (1, 2), 'PCE': (1, 2, 3), 'US_Sentiment': (1, 2), 'Import_CN': (1, 2, 3, 4, 5, 6), 'USD_VND': (1, 2, 3, 4, 5, 6)}",,,,,,,,aic,,,,,,,,190.0,-302.4769434621862,full_product,full_product
__ffnn_combo__,raw_no_vmd,,"(1, 11)",,,,,,,,,"target:[1, 11] | US_Retail:[1, 2, 3], PCE:[1, 2, 3], US_Sentiment:[1, 2, 3], Import_CN:[1], USD_VND:[1, 2, 3, 4]","{'US_Retail': (1, 2, 3), 'PCE': (1, 2, 3), 'US_Sentiment': (1, 2, 3), 'Import_CN': (1,), 'USD_VND': (1, 2, 3, 4)}",,,,,,,,aic,,,,,,,,191.0,-302.4534172245768,full_product,full_product
__ffnn_combo__,raw_no_vmd,,"(1, 11)",,,,,,,,,"target:[1, 11] | US_Retail:[1, 2, 3], PCE:[1, 2, 3], US_Sentiment:[1, 2, 3], Import_CN:[1], USD_VND:[1, 2, 3, 4, 5, 6]","{'US_Retail': (1, 2, 3), 'PCE': (1, 2, 3), 'US_Sentiment': (1, 2, 3), 'Import_CN': (1,), 'USD_VND': (1, 2, 3, 4, 5, 6)}",,,,,,,,aic,,,,,,,,192.0,-302.3705101502869,full_product,full_product
__ffnn_combo__,raw_no_vmd,,"(1, 11)",,,,,,,,,"target:[1, 11] | US_Retail:[1, 2], PCE:[1, 2, 3], US_Sentiment:[1, 2, 3, 4, 5, 6], Import_CN:[1, 2, 3, 4, 5, 6], USD_VND:[1, 2, 3]","{'US_Retail': (1, 2), 'PCE': (1, 2, 3), 'US_Sentiment': (1, 2, 3, 4, 5, 6), 'Import_CN': (1, 2, 3, 4, 5, 6), 'USD_VND': (1, 2, 3)}",,,,,,,,aic,,,,,,,,193.0,-302.3200260071361,full_product,full_product
__ffnn_combo__,raw_no_vmd,,"(1, 11)",,,,,,,,,"target:[1, 11] | US_Retail:[1, 2, 3], PCE:[1, 2, 3], US_Sentiment:[1, 2, 3], Import_CN:[1, 2, 3, 4, 5, 6], USD_VND:[1, 2, 3, 4]","{'US_Retail': (1, 2, 3), 'PCE': (1, 2, 3), 'US_Sentiment': (1, 2, 3), 'Import_CN': (1, 2, 3, 4, 5, 6), 'USD_VND': (1, 2, 3, 4)}",,,,,,,,aic,,,,,,,,194.0,-302.26113691425246,full_product,full_product
__ffnn_combo__,raw_no_vmd,,"(1, 11)",,,,,,,,,"target:[1, 11] | US_Retail:[1, 2, 3], PCE:[1, 2, 3], US_Sentiment:[1, 2, 3, 4, 5, 6], Import_CN:[1], USD_VND:[1, 2, 3, 4]","{'US_Retail': (1, 2, 3), 'PCE': (1, 2, 3), 'US_Sentiment': (1, 2, 3, 4, 5, 6), 'Import_CN': (1,), 'USD_VND': (1, 2, 3, 4)}",,,,,,,,aic,,,,,,,,195.0,-302.25642169918217,full_product,full_product
__ffnn_combo__,raw_no_vmd,,"(1, 11)",,,,,,,,,"target:[1, 11] | US_Retail:[1, 2, 3], PCE:[1, 2, 3], US_Sentiment:[1, 2, 3], Import_CN:[1, 2, 3, 4, 5, 6], USD_VND:[1, 2, 3, 4, 5, 6]","{'US_Retail': (1, 2, 3), 'PCE': (1, 2, 3), 'US_Sentiment': (1, 2, 3), 'Import_CN': (1, 2, 3, 4, 5, 6), 'USD_VND': (1, 2, 3, 4, 5, 6)}",,,,,,,,aic,,,,,,,,196.0,-302.1782298399626,full_product,full_product
__ffnn_combo__,raw_no_vmd,,"(1, 11)",,,,,,,,,"target:[1, 11] | US_Retail:[1, 2, 3], PCE:[1, 2, 3], US_Sentiment:[1, 2, 3, 4, 5, 6], Import_CN:[1], USD_VND:[1, 2, 3, 4, 5, 6]","{'US_Retail': (1, 2, 3), 'PCE': (1, 2, 3), 'US_Sentiment': (1, 2, 3, 4, 5, 6), 'Import_CN': (1,), 'USD_VND': (1, 2, 3, 4, 5, 6)}",,,,,,,,aic,,,,,,,,197.0,-302.1735146248923,full_product,full_product
__ffnn_combo__,raw_no_vmd,,"(1, 11)",,,,,,,,,"target:[1, 11] | US_Retail:[1, 2], PCE:[1, 2, 3], US_Sentiment:[1, 2, 3], Import_CN:[1], USD_VND:[1, 2, 3, 4]","{'US_Retail': (1, 2), 'PCE': (1, 2, 3), 'US_Sentiment': (1, 2, 3), 'Import_CN': (1,), 'USD_VND': (1, 2, 3, 4)}",,,,,,,,aic,,,,,,,,198.0,-302.13730968397266,full_product,full_product
__ffnn_combo__,raw_no_vmd,,"(1, 11)",,,,,,,,,"target:[1, 11] | US_Retail:[1, 2, 3], PCE:[1, 2, 3], US_Sentiment:[1, 2, 3, 4, 5, 6], Import_CN:[1, 2, 3, 4, 5, 6], USD_VND:[1, 2, 3, 4]","{'US_Retail': (1, 2, 3), 'PCE': (1, 2, 3), 'US_Sentiment': (1, 2, 3, 4, 5, 6), 'Import_CN': (1, 2, 3, 4, 5, 6), 'USD_VND': (1, 2, 3, 4)}",,,,,,,,aic,,,,,,,,199.0,-302.0641413888578,full_product,full_product
__ffnn_combo__,raw_no_vmd,,"(1, 11)",,,,,,,,,"target:[1, 11] | US_Retail:[1, 2], PCE:[1, 2, 3], US_Sentiment:[1, 2, 3], Import_CN:[1], USD_VND:[1, 2, 3, 4, 5, 6]","{'US_Retail': (1, 2), 'PCE': (1, 2, 3), 'US_Sentiment': (1, 2, 3), 'Import_CN': (1,), 'USD_VND': (1, 2, 3, 4, 5, 6)}",,,,,,,,aic,,,,,,,,200.0,-302.0544026096828,full_product,full_product
__ffnn_combo__,raw_no_vmd,,"(1, 11)",,,,,,,,,"target:[1, 11] | US_Retail:[1, 2, 3], PCE:[1, 2, 3], US_Sentiment:[1, 2, 3, 4, 5, 6], Import_CN:[1, 2, 3, 4, 5, 6], USD_VND:[1, 2, 3, 4, 5, 6]","{'US_Retail': (1, 2, 3), 'PCE': (1, 2, 3), 'US_Sentiment': (1, 2, 3, 4, 5, 6), 'Import_CN': (1, 2, 3, 4, 5, 6), 'USD_VND': (1, 2, 3, 4, 5, 6)}",,,,,,,,aic,,,,,,,,201.0,-301.981234314568,full_product,full_product
__ffnn_combo__,raw_no_vmd,,"(1, 11)",,,,,,,,,"target:[1, 11] | US_Retail:[1, 2], PCE:[1, 2, 3], US_Sentiment:[1, 2, 3], Import_CN:[1, 2, 3, 4, 5, 6], USD_VND:[1, 2, 3, 4]","{'US_Retail': (1, 2), 'PCE': (1, 2, 3), 'US_Sentiment': (1, 2, 3), 'Import_CN': (1, 2, 3, 4, 5, 6), 'USD_VND': (1, 2, 3, 4)}",,,,,,,,aic,,,,,,,,202.0,-301.94502937364837,full_product,full_product
__ffnn_combo__,raw_no_vmd,,"(1, 11)",,,,,,,,,"target:[1, 11] | US_Retail:[1, 2], PCE:[1, 2, 3], US_Sentiment:[1, 2, 3, 4, 5, 6], Import_CN:[1], USD_VND:[1, 2, 3, 4]","{'US_Retail': (1, 2), 'PCE': (1, 2, 3), 'US_Sentiment': (1, 2, 3, 4, 5, 6), 'Import_CN': (1,), 'USD_VND': (1, 2, 3, 4)}",,,,,,,,aic,,,,,,,,203.0,-301.940314158578,full_product,full_product
__ffnn_combo__,raw_no_vmd,,"(1, 11)",,,,,,,,,"target:[1, 11] | US_Retail:[1, 2], PCE:[1, 2, 3], US_Sentiment:[1, 2, 3], Import_CN:[1, 2, 3, 4, 5, 6], USD_VND:[1, 2, 3, 4, 5, 6]","{'US_Retail': (1, 2), 'PCE': (1, 2, 3), 'US_Sentiment': (1, 2, 3), 'Import_CN': (1, 2, 3, 4, 5, 6), 'USD_VND': (1, 2, 3, 4, 5, 6)}",,,,,,,,aic,,,,,,,,204.0,-301.8621222993585,full_product,full_product
__ffnn_combo__,raw_no_vmd,,"(1, 11)",,,,,,,,,"target:[1, 11] | US_Retail:[1, 2], PCE:[1, 2, 3], US_Sentiment:[1, 2, 3, 4, 5, 6], Import_CN:[1], USD_VND:[1, 2, 3, 4, 5, 6]","{'US_Retail': (1, 2), 'PCE': (1, 2, 3), 'US_Sentiment': (1, 2, 3, 4, 5, 6), 'Import_CN': (1,), 'USD_VND': (1, 2, 3, 4, 5, 6)}",,,,,,,,aic,,,,,,,,205.0,-301.8574070842882,full_product,full_product
__ffnn_combo__,raw_no_vmd,,"(1, 11)",,,,,,,,,"target:[1, 11] | US_Retail:[1, 2, 3], PCE:[1, 2, 3, 4], US_Sentiment:[1, 2], Import_CN:[1], USD_VND:[1, 2, 3]","{'US_Retail': (1, 2, 3), 'PCE': (1, 2, 3, 4), 'US_Sentiment': (1, 2), 'Import_CN': (1,), 'USD_VND': (1, 2, 3)}",,,,,,,,aic,,,,,,,,206.0,-301.8282467710333,full_product,full_product
__ffnn_combo__,raw_no_vmd,,"(1, 11)",,,,,,,,,"target:[1, 11] | US_Retail:[1, 2], PCE:[1, 2, 3], US_Sentiment:[1, 2, 3, 4, 5, 6], Import_CN:[1, 2, 3, 4, 5, 6], USD_VND:[1, 2, 3, 4]","{'US_Retail': (1, 2), 'PCE': (1, 2, 3), 'US_Sentiment': (1, 2, 3, 4, 5, 6), 'Import_CN': (1, 2, 3, 4, 5, 6), 'USD_VND': (1, 2, 3, 4)}",,,,,,,,aic,,,,,,,,207.0,-301.74803384825367,full_product,full_product
__ffnn_combo__,raw_no_vmd,,"(1, 11)",,,,,,,,,"target:[1, 11] | US_Retail:[1, 2], PCE:[1, 2, 3], US_Sentiment:[1, 2, 3, 4, 5, 6], Import_CN:[1, 2, 3, 4, 5, 6], USD_VND:[1, 2, 3, 4, 5, 6]","{'US_Retail': (1, 2), 'PCE': (1, 2, 3), 'US_Sentiment': (1, 2, 3, 4, 5, 6), 'Import_CN': (1, 2, 3, 4, 5, 6), 'USD_VND': (1, 2, 3, 4, 5, 6)}",,,,,,,,aic,,,,,,,,208.0,-301.66512677396383,full_product,full_product
__ffnn_combo__,raw_no_vmd,,"(1, 11)",,,,,,,,,"target:[1, 11] | US_Retail:[1, 2, 3], PCE:[1, 2, 3, 4], US_Sentiment:[1, 2], Import_CN:[1, 2, 3, 4, 5, 6], USD_VND:[1, 2, 3]","{'US_Retail': (1, 2, 3), 'PCE': (1, 2, 3, 4), 'US_Sentiment': (1, 2), 'Import_CN': (1, 2, 3, 4, 5, 6), 'USD_VND': (1, 2, 3)}",,,,,,,,aic,,,,,,,,209.0,-301.63596646070897,full_product,full_product
__ffnn_combo__,raw_no_vmd,,"(1, 11)",,,,,,,,,"target:[1, 11] | US_Retail:[1, 2], PCE:[1, 2, 3, 4], US_Sentiment:[1, 2], Import_CN:[1], USD_VND:[1, 2, 3]","{'US_Retail': (1, 2), 'PCE': (1, 2, 3, 4), 'US_Sentiment': (1, 2), 'Import_CN': (1,), 'USD_VND': (1, 2, 3)}",,,,,,,,aic,,,,,,,,210.0,-301.51213923042917,full_product,full_product
__ffnn_combo__,raw_no_vmd,,"(1, 11)",,,,,,,,,"target:[1, 11] | US_Retail:[1, 2], PCE:[1, 2, 3, 4], US_Sentiment:[1, 2], Import_CN:[1, 2, 3, 4, 5, 6], USD_VND:[1, 2, 3]","{'US_Retail': (1, 2), 'PCE': (1, 2, 3, 4), 'US_Sentiment': (1, 2), 'Import_CN': (1, 2, 3, 4, 5, 6), 'USD_VND': (1, 2, 3)}",,,,,,,,aic,,,,,,,,211.0,-301.3198589201048,full_product,full_product
__ffnn_combo__,raw_no_vmd,,"(1, 11)",,,,,,,,,"target:[1, 11] | US_Retail:[1, 2, 3], PCE:[1, 2, 3, 4], US_Sentiment:[1, 2], Import_CN:[1], USD_VND:[1, 2, 3, 4]","{'US_Retail': (1, 2, 3), 'PCE': (1, 2, 3, 4), 'US_Sentiment': (1, 2), 'Import_CN': (1,), 'USD_VND': (1, 2, 3, 4)}",,,,,,,,aic,,,,,,,,212.0,-301.2562546121509,full_product,full_product
__ffnn_combo__,raw_no_vmd,,"(1, 11)",,,,,,,,,"target:[1, 11] | US_Retail:[1, 2, 3], PCE:[1, 2, 3, 4], US_Sentiment:[1, 2, 3], Import_CN:[1], USD_VND:[1, 2, 3]","{'US_Retail': (1, 2, 3), 'PCE': (1, 2, 3, 4), 'US_Sentiment': (1, 2, 3), 'Import_CN': (1,), 'USD_VND': (1, 2, 3)}",,,,,,,,aic,,,,,,,,213.0,-301.21342560820557,full_product,full_product
__ffnn_combo__,raw_no_vmd,,"(1, 11)",,,,,,,,,"target:[1, 11] | US_Retail:[1, 2, 3], PCE:[1, 2, 3, 4], US_Sentiment:[1, 2], Import_CN:[1], USD_VND:[1, 2, 3, 4, 5, 6]","{'US_Retail': (1, 2, 3), 'PCE': (1, 2, 3, 4), 'US_Sentiment': (1, 2), 'Import_CN': (1,), 'USD_VND': (1, 2, 3, 4, 5, 6)}",,,,,,,,aic,,,,,,,,214.0,-301.17334753786105,full_product,full_product
__ffnn_combo__,raw_no_vmd,,"(1, 11)",,,,,,,,,"target:[1, 11] | US_Retail:[1, 2, 3], PCE:[1, 2, 3, 4], US_Sentiment:[1, 2], Import_CN:[1, 2, 3, 4, 5, 6], USD_VND:[1, 2, 3, 4]","{'US_Retail': (1, 2, 3), 'PCE': (1, 2, 3, 4), 'US_Sentiment': (1, 2), 'Import_CN': (1, 2, 3, 4, 5, 6), 'USD_VND': (1, 2, 3, 4)}",,,,,,,,aic,,,,,,,,215.0,-301.06397430182653,full_product,full_product
__ffnn_combo__,raw_no_vmd,,"(1, 11)",,,,,,,,,"target:[1, 11] | US_Retail:[1, 2, 3], PCE:[1, 2, 3, 4], US_Sentiment:[1, 2, 3], Import_CN:[1, 2, 3, 4, 5, 6], USD_VND:[1, 2, 3]","{'US_Retail': (1, 2, 3), 'PCE': (1, 2, 3, 4), 'US_Sentiment': (1, 2, 3), 'Import_CN': (1, 2, 3, 4, 5, 6), 'USD_VND': (1, 2, 3)}",,,,,,,,aic,,,,,,,,216.0,-301.0211452978813,full_product,full_product
__ffnn_combo__,raw_no_vmd,,"(1, 11)",,,,,,,,,"target:[1, 11] | US_Retail:[1, 2, 3], PCE:[1, 2, 3, 4], US_Sentiment:[1, 2, 3, 4, 5, 6], Import_CN:[1], USD_VND:[1, 2, 3]","{'US_Retail': (1, 2, 3), 'PCE': (1, 2, 3, 4), 'US_Sentiment': (1, 2, 3, 4, 5, 6), 'Import_CN': (1,), 'USD_VND': (1, 2, 3)}",,,,,,,,aic,,,,,,,,217.0,-301.0164300828109,full_product,full_product
__ffnn_combo__,raw_no_vmd,,"(1, 11)",,,,,,,,,"target:[1, 11] | US_Retail:[1, 2, 3], PCE:[1, 2, 3, 4], US_Sentiment:[1, 2], Import_CN:[1, 2, 3, 4, 5, 6], USD_VND:[1, 2, 3, 4, 5, 6]","{'US_Retail': (1, 2, 3), 'PCE': (1, 2, 3, 4), 'US_Sentiment': (1, 2), 'Import_CN': (1, 2, 3, 4, 5, 6), 'USD_VND': (1, 2, 3, 4, 5, 6)}",,,,,,,,aic,,,,,,,,218.0,-300.9810672275367,full_product,full_product
__ffnn_combo__,raw_no_vmd,,"(1, 11)",,,,,,,,,"target:[1, 11] | US_Retail:[1, 2], PCE:[1, 2, 3, 4], US_Sentiment:[1, 2], Import_CN:[1], USD_VND:[1, 2, 3, 4]","{'US_Retail': (1, 2), 'PCE': (1, 2, 3, 4), 'US_Sentiment': (1, 2), 'Import_CN': (1,), 'USD_VND': (1, 2, 3, 4)}",,,,,,,,aic,,,,,,,,219.0,-300.94014707154673,full_product,full_product
__ffnn_combo__,raw_no_vmd,,"(1, 11)",,,,,,,,,"target:[1, 11] | US_Retail:[1, 2], PCE:[1, 2, 3, 4], US_Sentiment:[1, 2, 3], Import_CN:[1], USD_VND:[1, 2, 3]","{'US_Retail': (1, 2), 'PCE': (1, 2, 3, 4), 'US_Sentiment': (1, 2, 3), 'Import_CN': (1,), 'USD_VND': (1, 2, 3)}",,,,,,,,aic,,,,,,,,220.0,-300.8973180676014,full_product,full_product
__ffnn_combo__,raw_no_vmd,,"(1, 11)",,,,,,,,,"target:[1, 11] | US_Retail:[1, 2], PCE:[1, 2, 3, 4], US_Sentiment:[1, 2], Import_CN:[1], USD_VND:[1, 2, 3, 4, 5, 6]","{'US_Retail': (1, 2), 'PCE': (1, 2, 3, 4), 'US_Sentiment': (1, 2), 'Import_CN': (1,), 'USD_VND': (1, 2, 3, 4, 5, 6)}",,,,,,,,aic,,,,,,,,221.0,-300.8572399972569,full_product,full_product
__ffnn_combo__,raw_no_vmd,,"(1, 11)",,,,,,,,,"target:[1, 11] | US_Retail:[1, 2, 3], PCE:[1, 2, 3, 4], US_Sentiment:[1, 2, 3, 4, 5, 6], Import_CN:[1, 2, 3, 4, 5, 6], USD_VND:[1, 2, 3]","{'US_Retail': (1, 2, 3), 'PCE': (1, 2, 3, 4), 'US_Sentiment': (1, 2, 3, 4, 5, 6), 'Import_CN': (1, 2, 3, 4, 5, 6), 'USD_VND': (1, 2, 3)}",,,,,,,,aic,,,,,,,,222.0,-300.82414977248663,full_product,full_product
__ffnn_combo__,raw_no_vmd,,"(1, 11)",,,,,,,,,"target:[1, 11] | US_Retail:[1, 2], PCE:[1, 2, 3, 4], US_Sentiment:[1, 2], Import_CN:[1, 2, 3, 4, 5, 6], USD_VND:[1, 2, 3, 4]","{'US_Retail': (1, 2), 'PCE': (1, 2, 3, 4), 'US_Sentiment': (1, 2), 'Import_CN': (1, 2, 3, 4, 5, 6), 'USD_VND': (1, 2, 3, 4)}",,,,,,,,aic,,,,,,,,223.0,-300.74786676122244,full_product,full_product
__ffnn_combo__,raw_no_vmd,,"(1, 11)",,,,,,,,,"target:[1, 11] | US_Retail:[1, 2], PCE:[1, 2, 3, 4], US_Sentiment:[1, 2, 3], Import_CN:[1, 2, 3, 4, 5, 6], USD_VND:[1, 2, 3]","{'US_Retail': (1, 2), 'PCE': (1, 2, 3, 4), 'US_Sentiment': (1, 2, 3), 'Import_CN': (1, 2, 3, 4, 5, 6), 'USD_VND': (1, 2, 3)}",,,,,,,,aic,,,,,,,,224.0,-300.7050377572771,full_product,full_product
__ffnn_combo__,raw_no_vmd,,"(1, 11)",,,,,,,,,"target:[1, 11] | US_Retail:[1, 2], PCE:[1, 2, 3, 4], US_Sentiment:[1, 2, 3, 4, 5, 6], Import_CN:[1], USD_VND:[1, 2, 3]","{'US_Retail': (1, 2), 'PCE': (1, 2, 3, 4), 'US_Sentiment': (1, 2, 3, 4, 5, 6), 'Import_CN': (1,), 'USD_VND': (1, 2, 3)}",,,,,,,,aic,,,,,,,,225.0,-300.7003225422068,full_product,full_product
__ffnn_combo__,raw_no_vmd,,"(1, 11)",,,,,,,,,"target:[1, 11] | US_Retail:[1, 2], PCE:[1, 2, 3, 4], US_Sentiment:[1, 2], Import_CN:[1, 2, 3, 4, 5, 6], USD_VND:[1, 2, 3, 4, 5, 6]","{'US_Retail': (1, 2), 'PCE': (1, 2, 3, 4), 'US_Sentiment': (1, 2), 'Import_CN': (1, 2, 3, 4, 5, 6), 'USD_VND': (1, 2, 3, 4, 5, 6)}",,,,,,,,aic,,,,,,,,226.0,-300.66495968693255,full_product,full_product
__ffnn_combo__,raw_no_vmd,,"(1, 11)",,,,,,,,,"target:[1, 11] | US_Retail:[1, 2, 3], PCE:[1, 2, 3, 4], US_Sentiment:[1, 2, 3], Import_CN:[1], USD_VND:[1, 2, 3, 4]","{'US_Retail': (1, 2, 3), 'PCE': (1, 2, 3, 4), 'US_Sentiment': (1, 2, 3), 'Import_CN': (1,), 'USD_VND': (1, 2, 3, 4)}",,,,,,,,aic,,,,,,,,227.0,-300.64143344932313,full_product,full_product
__ffnn_combo__,raw_no_vmd,,"(1, 11)",,,,,,,,,"target:[1, 11] | US_Retail:[1, 2, 3], PCE:[1, 2, 3, 4], US_Sentiment:[1, 2, 3], Import_CN:[1], USD_VND:[1, 2, 3, 4, 5, 6]","{'US_Retail': (1, 2, 3), 'PCE': (1, 2, 3, 4), 'US_Sentiment': (1, 2, 3), 'Import_CN': (1,), 'USD_VND': (1, 2, 3, 4, 5, 6)}",,,,,,,,aic,,,,,,,,228.0,-300.5585263750333,full_product,full_product
__ffnn_combo__,raw_no_vmd,,"(1, 11)",,,,,,,,,"target:[1, 11] | US_Retail:[1, 2], PCE:[1, 2, 3, 4], US_Sentiment:[1, 2, 3, 4, 5, 6], Import_CN:[1, 2, 3, 4, 5, 6], USD_VND:[1, 2, 3]","{'US_Retail': (1, 2), 'PCE': (1, 2, 3, 4), 'US_Sentiment': (1, 2, 3, 4, 5, 6), 'Import_CN': (1, 2, 3, 4, 5, 6), 'USD_VND': (1, 2, 3)}",,,,,,,,aic,,,,,,,,229.0,-300.5080422318825,full_product,full_product
__ffnn_combo__,raw_no_vmd,,"(1, 11)",,,,,,,,,"target:[1, 11] | US_Retail:[1, 2, 3], PCE:[1, 2, 3, 4], US_Sentiment:[1, 2, 3], Import_CN:[1, 2, 3, 4, 5, 6], USD_VND:[1, 2, 3, 4]","{'US_Retail': (1, 2, 3), 'PCE': (1, 2, 3, 4), 'US_Sentiment': (1, 2, 3), 'Import_CN': (1, 2, 3, 4, 5, 6), 'USD_VND': (1, 2, 3, 4)}",,,,,,,,aic,,,,,,,,230.0,-300.44915313899884,full_product,full_product
__ffnn_combo__,raw_no_vmd,,"(1, 11)",,,,,,,,,"target:[1, 11] | US_Retail:[1, 2, 3], PCE:[1, 2, 3, 4], US_Sentiment:[1, 2, 3, 4, 5, 6], Import_CN:[1], USD_VND:[1, 2, 3, 4]","{'US_Retail': (1, 2, 3), 'PCE': (1, 2, 3, 4), 'US_Sentiment': (1, 2, 3, 4, 5, 6), 'Import_CN': (1,), 'USD_VND': (1, 2, 3, 4)}",,,,,,,,aic,,,,,,,,231.0,-300.4444379239285,full_product,full_product
__ffnn_combo__,raw_no_vmd,,"(1, 11)",,,,,,,,,"target:[1, 11] | US_Retail:[1, 2, 3], PCE:[1, 2, 3, 4], US_Sentiment:[1, 2, 3], Import_CN:[1, 2, 3, 4, 5, 6], USD_VND:[1, 2, 3, 4, 5, 6]","{'US_Retail': (1, 2, 3), 'PCE': (1, 2, 3, 4), 'US_Sentiment': (1, 2, 3), 'Import_CN': (1, 2, 3, 4, 5, 6), 'USD_VND': (1, 2, 3, 4, 5, 6)}",,,,,,,,aic,,,,,,,,232.0,-300.366246064709,full_product,full_product
__ffnn_combo__,raw_no_vmd,,"(1, 11)",,,,,,,,,"target:[1, 11] | US_Retail:[1, 2, 3], PCE:[1, 2, 3, 4], US_Sentiment:[1, 2, 3, 4, 5, 6], Import_CN:[1], USD_VND:[1, 2, 3, 4, 5, 6]","{'US_Retail': (1, 2, 3), 'PCE': (1, 2, 3, 4), 'US_Sentiment': (1, 2, 3, 4, 5, 6), 'Import_CN': (1,), 'USD_VND': (1, 2, 3, 4, 5, 6)}",,,,,,,,aic,,,,,,,,233.0,-300.36153084963865,full_product,full_product
__ffnn_combo__,raw_no_vmd,,"(1, 11)",,,,,,,,,"target:[1, 11] | US_Retail:[1, 2], PCE:[1, 2, 3, 4], US_Sentiment:[1, 2, 3], Import_CN:[1], USD_VND:[1, 2, 3, 4]","{'US_Retail': (1, 2), 'PCE': (1, 2, 3, 4), 'US_Sentiment': (1, 2, 3), 'Import_CN': (1,), 'USD_VND': (1, 2, 3, 4)}",,,,,,,,aic,,,,,,,,234.0,-300.32532590871904,full_product,full_product
__ffnn_combo__,raw_no_vmd,,"(1, 11)",,,,,,,,,"target:[1, 11] | US_Retail:[1, 2, 3], PCE:[1, 2, 3, 4], US_Sentiment:[1, 2, 3, 4, 5, 6], Import_CN:[1, 2, 3, 4, 5, 6], USD_VND:[1, 2, 3, 4]","{'US_Retail': (1, 2, 3), 'PCE': (1, 2, 3, 4), 'US_Sentiment': (1, 2, 3, 4, 5, 6), 'Import_CN': (1, 2, 3, 4, 5, 6), 'USD_VND': (1, 2, 3, 4)}",,,,,,,,aic,,,,,,,,235.0,-300.2521576136042,full_product,full_product
__ffnn_combo__,raw_no_vmd,,"(1, 11)",,,,,,,,,"target:[1, 11] | US_Retail:[1, 2], PCE:[1, 2, 3, 4], US_Sentiment:[1, 2, 3], Import_CN:[1], USD_VND:[1, 2, 3, 4, 5, 6]","{'US_Retail': (1, 2), 'PCE': (1, 2, 3, 4), 'US_Sentiment': (1, 2, 3), 'Import_CN': (1,), 'USD_VND': (1, 2, 3, 4, 5, 6)}",,,,,,,,aic,,,,,,,,236.0,-300.24241883442915,full_product,full_product
__ffnn_combo__,raw_no_vmd,,"(1, 11)",,,,,,,,,"target:[1, 11] | US_Retail:[1, 2, 3], PCE:[1, 2, 3, 4], US_Sentiment:[1, 2, 3, 4, 5, 6], Import_CN:[1, 2, 3, 4, 5, 6], USD_VND:[1, 2, 3, 4, 5, 6]","{'US_Retail': (1, 2, 3), 'PCE': (1, 2, 3, 4), 'US_Sentiment': (1, 2, 3, 4, 5, 6), 'Import_CN': (1, 2, 3, 4, 5, 6), 'USD_VND': (1, 2, 3, 4, 5, 6)}",,,,,,,,aic,,,,,,,,237.0,-300.16925053931436,full_product,full_product
__ffnn_combo__,raw_no_vmd,,"(1, 11)",,,,,,,,,"target:[1, 11] | US_Retail:[1, 2], PCE:[1, 2, 3, 4], US_Sentiment:[1, 2, 3], Import_CN:[1, 2, 3, 4, 5, 6], USD_VND:[1, 2, 3, 4]","{'US_Retail': (1, 2), 'PCE': (1, 2, 3, 4), 'US_Sentiment': (1, 2, 3), 'Import_CN': (1, 2, 3, 4, 5, 6), 'USD_VND': (1, 2, 3, 4)}",,,,,,,,aic,,,,,,,,238.0,-300.1330455983947,full_product,full_product
__ffnn_combo__,raw_no_vmd,,"(1, 11)",,,,,,,,,"target:[1, 11] | US_Retail:[1, 2], PCE:[1, 2, 3, 4], US_Sentiment:[1, 2, 3, 4, 5, 6], Import_CN:[1], USD_VND:[1, 2, 3, 4]","{'US_Retail': (1, 2), 'PCE': (1, 2, 3, 4), 'US_Sentiment': (1, 2, 3, 4, 5, 6), 'Import_CN': (1,), 'USD_VND': (1, 2, 3, 4)}",,,,,,,,aic,,,,,,,,239.0,-300.1283303833244,full_product,full_product
__ffnn_combo__,raw_no_vmd,,"(1, 11)",,,,,,,,,"target:[1, 11] | US_Retail:[1, 2], PCE:[1, 2, 3, 4], US_Sentiment:[1, 2, 3], Import_CN:[1, 2, 3, 4, 5, 6], USD_VND:[1, 2, 3, 4, 5, 6]","{'US_Retail': (1, 2), 'PCE': (1, 2, 3, 4), 'US_Sentiment': (1, 2, 3), 'Import_CN': (1, 2, 3, 4, 5, 6), 'USD_VND': (1, 2, 3, 4, 5, 6)}",,,,,,,,aic,,,,,,,,240.0,-300.05013852410485,full_product,full_product
__ffnn_combo__,raw_no_vmd,,"(1, 11)",,,,,,,,,"target:[1, 11] | US_Retail:[1, 2], PCE:[1, 2, 3, 4], US_Sentiment:[1, 2, 3, 4, 5, 6], Import_CN:[1], USD_VND:[1, 2, 3, 4, 5, 6]","{'US_Retail': (1, 2), 'PCE': (1, 2, 3, 4), 'US_Sentiment': (1, 2, 3, 4, 5, 6), 'Import_CN': (1,), 'USD_VND': (1, 2, 3, 4, 5, 6)}",,,,,,,,aic,,,,,,,,241.0,-300.0454233090345,full_product,full_product
__ffnn_combo__,raw_no_vmd,,"(1, 11)",,,,,,,,,"target:[1, 11] | US_Retail:[1, 2], PCE:[1, 2, 3, 4], US_Sentiment:[1, 2, 3, 4, 5, 6], Import_CN:[1, 2, 3, 4, 5, 6], USD_VND:[1, 2, 3, 4]","{'US_Retail': (1, 2), 'PCE': (1, 2, 3, 4), 'US_Sentiment': (1, 2, 3, 4, 5, 6), 'Import_CN': (1, 2, 3, 4, 5, 6), 'USD_VND': (1, 2, 3, 4)}",,,,,,,,aic,,,,,,,,242.0,-299.93605007300005,full_product,full_product
__ffnn_combo__,raw_no_vmd,,"(1, 11)",,,,,,,,,"target:[1, 11] | US_Retail:[1, 2], PCE:[1, 2, 3, 4], US_Sentiment:[1, 2, 3, 4, 5, 6], Import_CN:[1, 2, 3, 4, 5, 6], USD_VND:[1, 2, 3, 4, 5, 6]","{'US_Retail': (1, 2), 'PCE': (1, 2, 3, 4), 'US_Sentiment': (1, 2, 3, 4, 5, 6), 'Import_CN': (1, 2, 3, 4, 5, 6), 'USD_VND': (1, 2, 3, 4, 5, 6)}",,,,,,,,aic,,,,,,,,243.0,-299.8531429987102,full_product,full_product
